doc_id,stock_code,company_name,industry,announcement_title,announcement_type,publish_date,url,pdf_url,local_pdf_path,source,crawl_time,download_status,error_message
1224831097,300497,富祥药业,,富祥药业：第一期股票期权激励计划（草案）,股权激励计划,2025-11-28,https://www.cninfo.com.cn/new/disclosure/detail?stockCode=300497&announcementId=1224831097,https://static.cninfo.com.cn/finalpage/2025-11-28/1224831097.PDF,data/pdf/300497_1224831097.pdf,cninfo,2026-06-03T12:11:47,success,
1224906264,002833,弘亚数控,,弘亚数控：2025年股票期权激励计划（草案）,股权激励计划,2025-12-30,https://www.cninfo.com.cn/new/disclosure/detail?stockCode=002833&announcementId=1224906264,https://static.cninfo.com.cn/finalpage/2025-12-30/1224906264.PDF,data/pdf/002833_1224906264.pdf,cninfo,2026-06-03T12:12:09,success,
1224848770,002706,良信股份,,良信股份：2025年奋斗者3号股票期权激励计划（草案）,股权激励计划,2025-12-04,https://www.cninfo.com.cn/new/disclosure/detail?stockCode=002706&announcementId=1224848770,https://static.cninfo.com.cn/finalpage/2025-12-04/1224848770.PDF,data/pdf/002706_1224848770.pdf,cninfo,2026-06-03T12:12:18,success,
1224821225,002371,北方华创,,北方华创：2025年股票期权激励计划（草案）,股权激励计划,2025-11-22,https://www.cninfo.com.cn/new/disclosure/detail?stockCode=002371&announcementId=1224821225,https://static.cninfo.com.cn/finalpage/2025-11-22/1224821225.PDF,data/pdf/002371_1224821225.pdf,cninfo,2026-06-03T12:12:24,success,
1224802424,603350,安乃达,,安乃达：2025年限制性股票与股票期权激励计划（草案）,股权激励计划,2025-11-13,https://www.cninfo.com.cn/new/disclosure/detail?stockCode=603350&announcementId=1224802424,https://static.cninfo.com.cn/finalpage/2025-11-13/1224802424.PDF,data/pdf/603350_1224802424.pdf,cninfo,2026-06-03T12:12:26,success,
1224794179,301248,杰创智能,,杰创智能：杰创智能科技股份有限公司2025年股票期权激励计划（草案）,股权激励计划,2025-11-08,https://www.cninfo.com.cn/new/disclosure/detail?stockCode=301248&announcementId=1224794179,https://static.cninfo.com.cn/finalpage/2025-11-08/1224794179.PDF,data/pdf/301248_1224794179.pdf,cninfo,2026-06-03T12:12:28,success,
1224755372,301191,菲菱科思,,菲菱科思：深圳市菲菱科思通信技术股份有限公司2025年股票期权激励计划（草案）,股权激励计划,2025-10-29,https://www.cninfo.com.cn/new/disclosure/detail?stockCode=301191&announcementId=1224755372,https://static.cninfo.com.cn/finalpage/2025-10-29/1224755372.PDF,data/pdf/301191_1224755372.pdf,cninfo,2026-06-03T12:12:37,success,
1224636846,001288,运机集团,,运机集团：2025年股票期权激励计划（草案）,股权激励计划,2025-09-04,https://www.cninfo.com.cn/new/disclosure/detail?stockCode=001288&announcementId=1224636846,https://static.cninfo.com.cn/finalpage/2025-09-04/1224636846.PDF,data/pdf/001288_1224636846.pdf,cninfo,2026-06-03T12:12:43,success,
1224635293,688180,君实生物,,君实生物：君实生物2025年A股股票期权激励计划（草案）,股权激励计划,2025-09-03,https://www.cninfo.com.cn/new/disclosure/detail?stockCode=688180&announcementId=1224635293,https://static.cninfo.com.cn/finalpage/2025-09-03/1224635293.PDF,data/pdf/688180_1224635293.pdf,cninfo,2026-06-03T12:12:43,success,
1224633200,001309,德明利,,德明利：深圳市德明利技术股份有限公司2025年股票期权激励计划（草案）,股权激励计划,2025-09-02,https://www.cninfo.com.cn/new/disclosure/detail?stockCode=001309&announcementId=1224633200,https://static.cninfo.com.cn/finalpage/2025-09-02/1224633200.PDF,data/pdf/001309_1224633200.pdf,cninfo,2026-06-03T12:12:43,success,
1224633025,002693,*ST双成,,*ST双成：海南双成药业股份有限公司2025 年限制性股票与股票期权激励计划（草案）,股权激励计划,2025-09-02,https://www.cninfo.com.cn/new/disclosure/detail?stockCode=002693&announcementId=1224633025,https://static.cninfo.com.cn/finalpage/2025-09-02/1224633025.PDF,data/pdf/002693_1224633025.pdf,cninfo,2026-06-03T12:12:43,success,
1224560888,002459,晶澳科技,,晶澳科技：2025年股票期权激励计划（草案）,股权激励计划,2025-08-23,https://www.cninfo.com.cn/new/disclosure/detail?stockCode=002459&announcementId=1224560888,https://static.cninfo.com.cn/finalpage/2025-08-23/1224560888.PDF,data/pdf/002459_1224560888.pdf,cninfo,2026-06-03T12:12:56,success,
1224561767,600570,恒生电子,电子,恒生电子：恒生电子股份有限公司2025年股票期权激励计划（草案）,股权激励计划,2025-08-23,https://www.cninfo.com.cn/new/disclosure/detail?stockCode=600570&announcementId=1224561767,https://static.cninfo.com.cn/finalpage/2025-08-23/1224561767.PDF,data/pdf/600570_1224561767.pdf,cninfo,2026-06-03T12:12:56,success,
1224687306,002011,盾安环境,,盾安环境：浙江盾安人工环境股份有限公司长期激励计划第二期暨2025年限制性股票与股票期权激励计划（草案）,股权激励计划,2025-09-27,https://www.cninfo.com.cn/new/disclosure/detail?stockCode=002011&announcementId=1224687306,https://static.cninfo.com.cn/finalpage/2025-09-27/1224687306.PDF,data/pdf/002011_1224687306.pdf,cninfo,2026-06-03T12:12:58,success,
1224686434,001229,魅视科技,,魅视科技：2025年限制性股票与股票期权激励计划（草案）,股权激励计划,2025-09-27,https://www.cninfo.com.cn/new/disclosure/detail?stockCode=001229&announcementId=1224686434,https://static.cninfo.com.cn/finalpage/2025-09-27/1224686434.PDF,data/pdf/001229_1224686434.pdf,cninfo,2026-06-03T12:12:58,success,
1224682345,002772,众兴菌业,,众兴菌业：2025年股票期权激励计划（草案）,股权激励计划,2025-09-26,https://www.cninfo.com.cn/new/disclosure/detail?stockCode=002772&announcementId=1224682345,https://static.cninfo.com.cn/finalpage/2025-09-26/1224682345.PDF,data/pdf/002772_1224682345.pdf,cninfo,2026-06-03T12:12:58,success,
1224682826,601615,明阳智能,,明阳智能：明阳智慧能源集团股份公司2025年股票期权激励计划（草案）,股权激励计划,2025-09-26,https://www.cninfo.com.cn/new/disclosure/detail?stockCode=601615&announcementId=1224682826,https://static.cninfo.com.cn/finalpage/2025-09-26/1224682826.PDF,data/pdf/601615_1224682826.pdf,cninfo,2026-06-03T12:12:58,success,
1224518013,002249,大洋电机,,大洋电机：大洋电机2025年股票期权激励计划（草案）,股权激励计划,2025-08-20,https://www.cninfo.com.cn/new/disclosure/detail?stockCode=002249&announcementId=1224518013,https://static.cninfo.com.cn/finalpage/2025-08-20/1224518013.PDF,data/pdf/002249_1224518013.pdf,cninfo,2026-06-03T12:13:00,success,
1224519309,603681,永冠新材,,永冠新材：上海永冠众诚新材料科技（集团）股份有限公司2025年股票期权激励计划（草案）,股权激励计划,2025-08-20,https://www.cninfo.com.cn/new/disclosure/detail?stockCode=603681&announcementId=1224519309,https://static.cninfo.com.cn/finalpage/2025-08-20/1224519309.PDF,data/pdf/603681_1224519309.pdf,cninfo,2026-06-03T12:13:00,success,
1224672514,301391,卡莱特,,卡莱特：2025年股票期权激励计划（草案）,股权激励计划,2025-09-20,https://www.cninfo.com.cn/new/disclosure/detail?stockCode=301391&announcementId=1224672514,https://static.cninfo.com.cn/finalpage/2025-09-20/1224672514.PDF,data/pdf/301391_1224672514.pdf,cninfo,2026-06-03T12:13:05,success,
1224387868,000620,盈新发展,,盈新发展：2025年股票期权激励计划（草案）,股权激励计划,2025-08-05,https://www.cninfo.com.cn/new/disclosure/detail?stockCode=000620&announcementId=1224387868,https://static.cninfo.com.cn/finalpage/2025-08-05/1224387868.PDF,data/pdf/000620_1224387868.pdf,cninfo,2026-06-03T12:13:09,success,
1224330159,603530,神马电力,,神马电力：江苏神马电力股份有限公司2025年股票期权激励计划（草案）,股权激励计划,2025-07-30,https://www.cninfo.com.cn/new/disclosure/detail?stockCode=603530&announcementId=1224330159,https://static.cninfo.com.cn/finalpage/2025-07-30/1224330159.PDF,data/pdf/603530_1224330159.pdf,cninfo,2026-06-03T12:13:11,success,
1224330361,300438,鹏辉能源,,鹏辉能源：2025年股票期权激励计划（草案）,股权激励计划,2025-07-30,https://www.cninfo.com.cn/new/disclosure/detail?stockCode=300438&announcementId=1224330361,https://static.cninfo.com.cn/finalpage/2025-07-30/1224330361.PDF,data/pdf/300438_1224330361.pdf,cninfo,2026-06-03T12:13:11,success,
1224650866,002823,凯中精密,,凯中精密：2025年股票期权激励计划（草案）,股权激励计划,2025-09-11,https://www.cninfo.com.cn/new/disclosure/detail?stockCode=002823&announcementId=1224650866,https://static.cninfo.com.cn/finalpage/2025-09-11/1224650866.PDF,data/pdf/002823_1224650866.pdf,cninfo,2026-06-03T12:13:13,success,
1224651515,300562,乐心医疗,电子,乐心医疗：广东乐心医疗电子股份有限公司2025年股票期权激励计划（草案）,股权激励计划,2025-09-11,https://www.cninfo.com.cn/new/disclosure/detail?stockCode=300562&announcementId=1224651515,https://static.cninfo.com.cn/finalpage/2025-09-11/1224651515.PDF,data/pdf/300562_1224651515.pdf,cninfo,2026-06-03T12:13:13,success,
1224269819,600410,华胜天成,,华胜天成：2025年第二期股票期权激励计划（草案）,股权激励计划,2025-07-24,https://www.cninfo.com.cn/new/disclosure/detail?stockCode=600410&announcementId=1224269819,https://static.cninfo.com.cn/finalpage/2025-07-24/1224269819.PDF,data/pdf/600410_1224269819.pdf,cninfo,2026-06-03T12:13:15,success,
1224215903,603322,超讯通信,,超讯通信：超讯通信：2025年股票期权激励计划（草案）,股权激励计划,2025-07-19,https://www.cninfo.com.cn/new/disclosure/detail?stockCode=603322&announcementId=1224215903,https://static.cninfo.com.cn/finalpage/2025-07-19/1224215903.PDF,data/pdf/603322_1224215903.pdf,cninfo,2026-06-03T12:13:18,success,
1224616327,603368,柳药集团,,柳药集团：广西柳药集团股份有限公司2025年股票期权激励计划（草案）,股权激励计划,2025-08-29,https://www.cninfo.com.cn/new/disclosure/detail?stockCode=603368&announcementId=1224616327,https://static.cninfo.com.cn/finalpage/2025-08-29/1224616327.PDF,data/pdf/603368_1224616327.pdf,cninfo,2026-06-03T12:13:22,success,
1224058147,603138,海量数据,,海量数据：海量数据2025年股票期权激励计划（草案）,股权激励计划,2025-07-02,https://www.cninfo.com.cn/new/disclosure/detail?stockCode=603138&announcementId=1224058147,https://static.cninfo.com.cn/finalpage/2025-07-02/1224058147.PDF,data/pdf/603138_1224058147.pdf,cninfo,2026-06-03T12:13:30,success,
1224561796,600196,复星医药,医药,复星医药：上海复星医药（集团）股份有限公司2025年A股股票期权激励计划（草案）,股权激励计划,2025-08-23,https://www.cninfo.com.cn/new/disclosure/detail?stockCode=600196&announcementId=1224561796,https://static.cninfo.com.cn/finalpage/2025-08-23/1224561796.PDF,data/pdf/600196_1224561796.pdf,cninfo,2026-06-03T12:13:32,success,
1224561923,02196,复星医药,医药,复星医药：海外监管公告 - 上海复星医药（集团）股份有限公司2025年A股股票期权激励计划（草案）,股权激励计划,2025-08-22,https://www.cninfo.com.cn/new/disclosure/detail?stockCode=02196&announcementId=1224561923,https://static.cninfo.com.cn/finalpage/2025-08-22/1224561923.PDF,data/pdf/02196_1224561923.pdf,cninfo,2026-06-03T12:13:32,success,
1223954372,603755,日辰股份,,日辰股份：青岛日辰食品股份有限公司2025年股票期权激励计划（草案）,股权激励计划,2025-06-21,https://www.cninfo.com.cn/new/disclosure/detail?stockCode=603755&announcementId=1223954372,https://static.cninfo.com.cn/finalpage/2025-06-21/1223954372.PDF,data/pdf/603755_1223954372.pdf,cninfo,2026-06-03T12:13:37,success,
1224462917,300036,超图软件,软件,超图软件：2025年股票期权激励计划（草案）,股权激励计划,2025-08-13,https://www.cninfo.com.cn/new/disclosure/detail?stockCode=300036&announcementId=1224462917,https://static.cninfo.com.cn/finalpage/2025-08-13/1224462917.PDF,data/pdf/300036_1224462917.pdf,cninfo,2026-06-03T12:13:39,success,
1223888797,603978,深圳新星,,深圳新星：深圳市新星轻合金材料股份有限公司2025年股票期权激励计划(草案),股权激励计划,2025-06-17,https://www.cninfo.com.cn/new/disclosure/detail?stockCode=603978&announcementId=1223888797,https://static.cninfo.com.cn/finalpage/2025-06-17/1223888797.PDF,data/pdf/603978_1223888797.pdf,cninfo,2026-06-03T12:13:41,success,
1224145530,301189,奥尼电子,电子,奥尼电子：2025年股票期权激励计划（草案）,股权激励计划,2025-07-12,https://www.cninfo.com.cn/new/disclosure/detail?stockCode=301189&announcementId=1224145530,https://static.cninfo.com.cn/finalpage/2025-07-12/1224145530.PDF,data/pdf/301189_1224145530.pdf,cninfo,2026-06-03T12:13:56,success,
1223697465,300130,新国都,,新国都：深圳市新国都股份有限公司2025年股票期权激励计划（草案）,股权激励计划,2025-05-28,https://www.cninfo.com.cn/new/disclosure/detail?stockCode=300130&announcementId=1223697465,https://static.cninfo.com.cn/finalpage/2025-05-28/1223697465.PDF,data/pdf/300130_1223697465.pdf,cninfo,2026-06-03T12:13:58,success,
1223544845,600110,诺德股份,,诺德股份：诺德新材料股份有限公司2025年股票期权激励计划（草案）,股权激励计划,2025-05-15,https://www.cninfo.com.cn/new/disclosure/detail?stockCode=600110&announcementId=1223544845,https://static.cninfo.com.cn/finalpage/2025-05-15/1223544845.PDF,data/pdf/600110_1223544845.pdf,cninfo,2026-06-03T12:14:09,success,
1223496663,002241,歌尔股份,,歌尔股份：2025年股票期权激励计划（草案）,股权激励计划,2025-05-09,https://www.cninfo.com.cn/new/disclosure/detail?stockCode=002241&announcementId=1223496663,https://static.cninfo.com.cn/finalpage/2025-05-09/1223496663.PDF,data/pdf/002241_1223496663.pdf,cninfo,2026-06-03T12:14:13,success,
1223490568,301172,君逸数码,,君逸数码：2025年股票期权激励计划（草案）,股权激励计划,2025-05-08,https://www.cninfo.com.cn/new/disclosure/detail?stockCode=301172&announcementId=1223490568,https://static.cninfo.com.cn/finalpage/2025-05-08/1223490568.PDF,data/pdf/301172_1223490568.pdf,cninfo,2026-06-03T12:14:15,success,
1223417952,688371,菲沃泰,,菲沃泰：江苏菲沃泰纳米科技股份有限公司2025年股票期权激励计划（草案）,股权激励计划,2025-04-30,https://www.cninfo.com.cn/new/disclosure/detail?stockCode=688371&announcementId=1223417952,https://static.cninfo.com.cn/finalpage/2025-04-30/1223417952.PDF,data/pdf/688371_1223417952.pdf,cninfo,2026-06-03T12:14:18,success,
1223410764,002315,焦点科技,,焦点科技：2025年股票期权激励计划（草案）,股权激励计划,2025-04-30,https://www.cninfo.com.cn/new/disclosure/detail?stockCode=002315&announcementId=1223410764,https://static.cninfo.com.cn/finalpage/2025-04-30/1223410764.PDF,data/pdf/002315_1223410764.pdf,cninfo,2026-06-03T12:14:18,success,
1223848536,688619,罗普特,,罗普特：罗普特科技集团股份有限公司2025年股票期权激励计划（草案）,股权激励计划,2025-06-12,https://www.cninfo.com.cn/new/disclosure/detail?stockCode=688619&announcementId=1223848536,https://static.cninfo.com.cn/finalpage/2025-06-12/1223848536.PDF,data/pdf/688619_1223848536.pdf,cninfo,2026-06-03T12:14:20,success,
1223374233,600233,圆通速递,,圆通速递：圆通速递股份有限公司第三期股票期权激励计划（草案）,股权激励计划,2025-04-29,https://www.cninfo.com.cn/new/disclosure/detail?stockCode=600233&announcementId=1223374233,https://static.cninfo.com.cn/finalpage/2025-04-29/1223374233.PDF,data/pdf/600233_1223374233.pdf,cninfo,2026-06-03T12:14:22,success,
1223380628,605089,味知香,,味知香：2025年股票期权激励计划（草案,股权激励计划,2025-04-29,https://www.cninfo.com.cn/new/disclosure/detail?stockCode=605089&announcementId=1223380628,https://static.cninfo.com.cn/finalpage/2025-04-29/1223380628.PDF,data/pdf/605089_1223380628.pdf,cninfo,2026-06-03T12:14:22,success,
1223379358,002508,老板电器,,老板电器：杭州老板电器股份有限公司2025年股票期权激励计划（草案）,股权激励计划,2025-04-29,https://www.cninfo.com.cn/new/disclosure/detail?stockCode=002508&announcementId=1223379358,https://static.cninfo.com.cn/finalpage/2025-04-29/1223379358.PDF,data/pdf/002508_1223379358.pdf,cninfo,2026-06-03T12:14:24,success,
1223348592,002475,立讯精密,,立讯精密：2025年股票期权激励计划（草案),股权激励计划,2025-04-27,https://www.cninfo.com.cn/new/disclosure/detail?stockCode=002475&announcementId=1223348592,https://static.cninfo.com.cn/finalpage/2025-04-27/1223348592.pdf,data/pdf/002475_1223348592.pdf,cninfo,2026-06-03T12:14:28,success,
1222925629,688228,开普云,,开普云：开普云信息科技股份有限公司2025年股票期权激励计划（草案）,股权激励计划,2025-03-28,https://www.cninfo.com.cn/new/disclosure/detail?stockCode=688228&announcementId=1222925629,https://static.cninfo.com.cn/finalpage/2025-03-28/1222925629.PDF,data/pdf/688228_1222925629.pdf,cninfo,2026-06-03T12:14:56,success,
1222895931,603659,璞泰来,,璞泰来：上海璞泰来新能源科技股份有限公司2025年股票期权激励计划（草案）,股权激励计划,2025-03-26,https://www.cninfo.com.cn/new/disclosure/detail?stockCode=603659&announcementId=1222895931,https://static.cninfo.com.cn/finalpage/2025-03-26/1222895931.PDF,data/pdf/603659_1222895931.pdf,cninfo,2026-06-03T12:14:56,success,
1222881781,002256,兆新股份,,兆新股份：2025年限制性股票与股票期权激励计划（草案）,股权激励计划,2025-03-25,https://www.cninfo.com.cn/new/disclosure/detail?stockCode=002256&announcementId=1222881781,https://static.cninfo.com.cn/finalpage/2025-03-25/1222881781.PDF,data/pdf/002256_1222881781.pdf,cninfo,2026-06-03T12:14:58,success,
1222870272,002130,沃尔核材,,沃尔核材：2025年股票期权激励计划（草案）,股权激励计划,2025-03-22,https://www.cninfo.com.cn/new/disclosure/detail?stockCode=002130&announcementId=1222870272,https://static.cninfo.com.cn/finalpage/2025-03-22/1222870272.PDF,data/pdf/002130_1222870272.pdf,cninfo,2026-06-03T12:14:58,success,
1222870342,600055,万东医疗,,万东医疗：万东医疗2025年股票期权激励计划（草案）,股权激励计划,2025-03-22,https://www.cninfo.com.cn/new/disclosure/detail?stockCode=600055&announcementId=1222870342,https://static.cninfo.com.cn/finalpage/2025-03-22/1222870342.PDF,data/pdf/600055_1222870342.pdf,cninfo,2026-06-03T12:14:58,success,
1222869905,833914,远航精密,,2025年股票期权激励计划（草案）,股权激励计划,2025-03-21,https://www.cninfo.com.cn/new/disclosure/detail?stockCode=833914&announcementId=1222869905,https://static.cninfo.com.cn/finalpage/2025-03-21/1222869905.PDF,data/pdf/833914_1222869905.pdf,cninfo,2026-06-03T12:14:58,success,
1222847348,603893,瑞芯微,,瑞芯微：2025年股票期权激励计划（草案）,股权激励计划,2025-03-20,https://www.cninfo.com.cn/new/disclosure/detail?stockCode=603893&announcementId=1222847348,https://static.cninfo.com.cn/finalpage/2025-03-20/1222847348.PDF,data/pdf/603893_1222847348.pdf,cninfo,2026-06-03T12:15:01,success,
1222806421,603501,韦尔股份,,韦尔股份：2025年股票期权激励计划（草案）,股权激励计划,2025-03-15,https://www.cninfo.com.cn/new/disclosure/detail?stockCode=603501&announcementId=1222806421,https://static.cninfo.com.cn/finalpage/2025-03-15/1222806421.PDF,data/pdf/603501_1222806421.pdf,cninfo,2026-06-03T12:15:01,success,
1222675417,300591,万里马,,万里马：2025年股票期权激励计划（草案）,股权激励计划,2025-03-01,https://www.cninfo.com.cn/new/disclosure/detail?stockCode=300591&announcementId=1222675417,https://static.cninfo.com.cn/finalpage/2025-03-01/1222675417.PDF,data/pdf/300591_1222675417.pdf,cninfo,2026-06-03T12:15:07,success,
1222431699,300803,指南针,,指南针：北京指南针科技发展股份有限公司2025年股票期权激励计划（草案）,股权激励计划,2025-01-25,https://www.cninfo.com.cn/new/disclosure/detail?stockCode=300803&announcementId=1222431699,https://static.cninfo.com.cn/finalpage/2025-01-25/1222431699.PDF,data/pdf/300803_1222431699.pdf,cninfo,2026-06-03T12:15:13,success,
1222419473,300379,东方通,,东方通：2025年股票期权激励计划（草案）,股权激励计划,2025-01-24,https://www.cninfo.com.cn/new/disclosure/detail?stockCode=300379&announcementId=1222419473,https://static.cninfo.com.cn/finalpage/2025-01-24/1222419473.PDF,data/pdf/300379_1222419473.pdf,cninfo,2026-06-03T12:15:13,success,
1222405943,603381,永臻股份,,永臻股份：永臻科技股份有限公司2025年股票期权激励计划（草案）,股权激励计划,2025-01-23,https://www.cninfo.com.cn/new/disclosure/detail?stockCode=603381&announcementId=1222405943,https://static.cninfo.com.cn/finalpage/2025-01-23/1222405943.PDF,data/pdf/603381_1222405943.pdf,cninfo,2026-06-03T12:15:15,success,
1222355473,688160,步科股份,,步科股份：2025年股票期权激励计划（草案）,股权激励计划,2025-01-17,https://www.cninfo.com.cn/new/disclosure/detail?stockCode=688160&announcementId=1222355473,https://static.cninfo.com.cn/finalpage/2025-01-17/1222355473.PDF,data/pdf/688160_1222355473.pdf,cninfo,2026-06-03T12:15:15,success,
1221941206,600388,龙净环保,,龙净环保：福建龙净环保股份有限公司2024年股票期权激励计划（草案）,股权激励计划,2024-12-06,https://www.cninfo.com.cn/new/disclosure/detail?stockCode=600388&announcementId=1221941206,https://static.cninfo.com.cn/finalpage/2024-12-06/1221941206.PDF,data/pdf/600388_1221941206.pdf,cninfo,2026-06-03T12:15:37,success,
1221910338,002581,未名医药,医药,未名医药：山东未名生物医药股份有限公司2024年股票期权激励计划（草案）,股权激励计划,2024-12-03,https://www.cninfo.com.cn/new/disclosure/detail?stockCode=002581&announcementId=1221910338,https://static.cninfo.com.cn/finalpage/2024-12-03/1221910338.PDF,data/pdf/002581_1221910338.pdf,cninfo,2026-06-03T12:15:39,success,
1221866772,872953,国子软件,软件,[临时公告]国子软件:2024年股票期权激励计划（草案）,股权激励计划,2024-11-27,https://www.cninfo.com.cn/new/disclosure/detail?stockCode=872953&announcementId=1221866772,https://static.cninfo.com.cn/finalpage/2024-11-27/1221866772.PDF,data/pdf/872953_1221866772.pdf,cninfo,2026-06-03T12:15:41,success,
1222581396,300353,东土科技,,东土科技：北京东土科技股份有限公司2025年股票期权激励计划（草案）,股权激励计划,2025-02-20,https://www.cninfo.com.cn/new/disclosure/detail?stockCode=300353&announcementId=1222581396,https://static.cninfo.com.cn/finalpage/2025-02-20/1222581396.PDF,data/pdf/300353_1222581396.pdf,cninfo,2026-06-03T12:15:43,success,
1221662898,002293,罗莱生活,,罗莱生活：罗莱生活科技股份有限公司2024年限制性股票与股票期权激励计划（草案）,股权激励计划,2024-11-09,https://www.cninfo.com.cn/new/disclosure/detail?stockCode=002293&announcementId=1221662898,https://static.cninfo.com.cn/finalpage/2024-11-09/1221662898.PDF,data/pdf/002293_1221662898.pdf,cninfo,2026-06-03T12:15:50,success,
1221641997,002139,拓邦股份,,拓邦股份：2024年股票期权激励计划（草案）,股权激励计划,2024-11-07,https://www.cninfo.com.cn/new/disclosure/detail?stockCode=002139&announcementId=1221641997,https://static.cninfo.com.cn/finalpage/2024-11-07/1221641997.PDF,data/pdf/002139_1221641997.pdf,cninfo,2026-06-03T12:15:52,success,
1222190255,600552,凯盛科技,,凯盛科技：凯盛科技股份有限公司2024年股票期权激励计划（草案）,股权激励计划,2025-01-01,https://www.cninfo.com.cn/new/disclosure/detail?stockCode=600552&announcementId=1222190255,https://static.cninfo.com.cn/finalpage/2025-01-01/1222190255.PDF,data/pdf/600552_1222190255.pdf,cninfo,2026-06-03T12:15:56,success,
1222156235,605111,新洁能,,新洁能：2024年股票期权激励计划（草案）,股权激励计划,2024-12-27,https://www.cninfo.com.cn/new/disclosure/detail?stockCode=605111&announcementId=1222156235,https://static.cninfo.com.cn/finalpage/2024-12-27/1222156235.PDF,data/pdf/605111_1222156235.pdf,cninfo,2026-06-03T12:16:01,success,
1221356125,001366,播恩集团,,播恩集团：2024年股票期权激励计划（草案）,股权激励计划,2024-10-10,https://www.cninfo.com.cn/new/disclosure/detail?stockCode=001366&announcementId=1221356125,https://static.cninfo.com.cn/finalpage/2024-10-10/1221356125.PDF,data/pdf/001366_1221356125.pdf,cninfo,2026-06-03T12:16:11,success,
1221360641,836395,朗鸿科技,,[临时公告]朗鸿科技:2024年股票期权激励计划（草案）,股权激励计划,2024-10-10,https://www.cninfo.com.cn/new/disclosure/detail?stockCode=836395&announcementId=1221360641,https://static.cninfo.com.cn/finalpage/2024-10-10/1221360641.PDF,data/pdf/836395_1221360641.pdf,cninfo,2026-06-03T12:16:11,success,
1221344222,603778,国晟科技,,国晟科技：2024年限制性股票与股票期权激励计划（草案）,股权激励计划,2024-10-09,https://www.cninfo.com.cn/new/disclosure/detail?stockCode=603778&announcementId=1221344222,https://static.cninfo.com.cn/finalpage/2024-10-09/1221344222.PDF,data/pdf/603778_1221344222.pdf,cninfo,2026-06-03T12:16:11,success,
1221316032,300986,志特新材,,志特新材：江西志特新材料股份有限公司2024年股票期权激励计划（草案）,股权激励计划,2024-09-28,https://www.cninfo.com.cn/new/disclosure/detail?stockCode=300986&announcementId=1221316032,https://static.cninfo.com.cn/finalpage/2024-09-28/1221316032.PDF,data/pdf/300986_1221316032.pdf,cninfo,2026-06-03T12:16:16,success,
1221790913,300027,华谊兄弟,,华谊兄弟：2024年股票期权激励计划（草案）,股权激励计划,2024-11-20,https://www.cninfo.com.cn/new/disclosure/detail?stockCode=300027&announcementId=1221790913,https://static.cninfo.com.cn/finalpage/2024-11-20/1221790913.PDF,data/pdf/300027_1221790913.pdf,cninfo,2026-06-03T12:16:18,success,
1221052621,002032,苏 泊 尔,,苏 泊 尔：浙江苏泊尔股份有限公司2024年股票期权激励计划（草案）,股权激励计划,2024-08-30,https://www.cninfo.com.cn/new/disclosure/detail?stockCode=002032&announcementId=1221052621,https://static.cninfo.com.cn/finalpage/2024-08-30/1221052621.PDF,data/pdf/002032_1221052621.pdf,cninfo,2026-06-03T12:16:35,success,
1220825584,603083,剑桥科技,,剑桥科技：2024年股票期权激励计划（草案）,股权激励计划,2024-08-09,https://www.cninfo.com.cn/new/disclosure/detail?stockCode=603083&announcementId=1220825584,https://static.cninfo.com.cn/finalpage/2024-08-09/1220825584.PDF,data/pdf/603083_1220825584.pdf,cninfo,2026-06-03T12:16:54,success,
1221191937,688389,普门科技,,普门科技：深圳普门科技股份有限公司2024年股票期权激励计划（草案）,股权激励计划,2024-09-11,https://www.cninfo.com.cn/new/disclosure/detail?stockCode=688389&announcementId=1221191937,https://static.cninfo.com.cn/finalpage/2024-09-11/1221191937.PDF,data/pdf/688389_1221191937.pdf,cninfo,2026-06-03T12:16:57,success,
1221192060,002901,大博医疗,,大博医疗：大博医疗科技股份有限公司2024年股票期权激励计划（草案）,股权激励计划,2024-09-11,https://www.cninfo.com.cn/new/disclosure/detail?stockCode=002901&announcementId=1221192060,https://static.cninfo.com.cn/finalpage/2024-09-11/1221192060.PDF,data/pdf/002901_1221192060.pdf,cninfo,2026-06-03T12:16:57,success,
1221192080,688432,有研硅,半导体,有研硅：有研半导体硅材料股份公司2024年股票期权激励计划（草案）,股权激励计划,2024-09-11,https://www.cninfo.com.cn/new/disclosure/detail?stockCode=688432&announcementId=1221192080,https://static.cninfo.com.cn/finalpage/2024-09-11/1221192080.PDF,data/pdf/688432_1221192080.pdf,cninfo,2026-06-03T12:16:57,success,
1220796380,300844,山水比德,,山水比德：2024年股票期权激励计划（草案）,股权激励计划,2024-08-06,https://www.cninfo.com.cn/new/disclosure/detail?stockCode=300844&announcementId=1220796380,https://static.cninfo.com.cn/finalpage/2024-08-06/1220796380.PDF,data/pdf/300844_1220796380.pdf,cninfo,2026-06-03T12:16:59,success,
1220701561,603598,引力传媒,,引力传媒：引力传媒：2024年限制性股票与股票期权激励计划（草案）,股权激励计划,2024-07-23,https://www.cninfo.com.cn/new/disclosure/detail?stockCode=603598&announcementId=1220701561,https://static.cninfo.com.cn/finalpage/2024-07-23/1220701561.PDF,data/pdf/603598_1220701561.pdf,cninfo,2026-06-03T12:17:05,success,
1220690801,002688,金河生物,,金河生物：金河生物科技股份有限公司2024年股票期权激励计划（草案）,股权激励计划,2024-07-20,https://www.cninfo.com.cn/new/disclosure/detail?stockCode=002688&announcementId=1220690801,https://static.cninfo.com.cn/finalpage/2024-07-20/1220690801.PDF,data/pdf/002688_1220690801.pdf,cninfo,2026-06-03T12:17:05,success,
1220648062,603800,道森股份,,道森股份：2024年股票期权激励计划（草案）,股权激励计划,2024-07-16,https://www.cninfo.com.cn/new/disclosure/detail?stockCode=603800&announcementId=1220648062,https://static.cninfo.com.cn/finalpage/2024-07-16/1220648062.PDF,data/pdf/603800_1220648062.pdf,cninfo,2026-06-03T12:17:09,success,
1220628753,301488,豪恩汽电,电子,豪恩汽电：深圳市豪恩汽车电子装备股份有限公司2024年股票期权激励计划（草案）,股权激励计划,2024-07-13,https://www.cninfo.com.cn/new/disclosure/detail?stockCode=301488&announcementId=1220628753,https://static.cninfo.com.cn/finalpage/2024-07-13/1220628753.PDF,data/pdf/301488_1220628753.pdf,cninfo,2026-06-03T12:17:09,success,
1221034336,301296,新巨丰,,新巨丰：2024年限制性股票与股票期权激励计划（草案）,股权激励计划,2024-08-29,https://www.cninfo.com.cn/new/disclosure/detail?stockCode=301296&announcementId=1221034336,https://static.cninfo.com.cn/finalpage/2024-08-29/1221034336.PDF,data/pdf/301296_1221034336.pdf,cninfo,2026-06-03T12:17:14,success,
1220535598,603839,安正时尚,,安正时尚：安正时尚集团股份有限公司2024年第三期股票期权激励计划（草案）,股权激励计划,2024-07-05,https://www.cninfo.com.cn/new/disclosure/detail?stockCode=603839&announcementId=1220535598,https://static.cninfo.com.cn/finalpage/2024-07-05/1220535598.PDF,data/pdf/603839_1220535598.pdf,cninfo,2026-06-03T12:17:16,success,
1220521701,300299,富春股份,,富春股份：2024年股票期权激励计划（草案）,股权激励计划,2024-07-03,https://www.cninfo.com.cn/new/disclosure/detail?stockCode=300299&announcementId=1220521701,https://static.cninfo.com.cn/finalpage/2024-07-03/1220521701.PDF,data/pdf/300299_1220521701.pdf,cninfo,2026-06-03T12:17:18,success,
1220512975,002134,天津普林,,天津普林：2024年股票期权激励计划（草案）,股权激励计划,2024-07-02,https://www.cninfo.com.cn/new/disclosure/detail?stockCode=002134&announcementId=1220512975,https://static.cninfo.com.cn/finalpage/2024-07-02/1220512975.PDF,data/pdf/002134_1220512975.pdf,cninfo,2026-06-03T12:17:20,success,
1220955321,002463,沪电股份,,沪电股份：2024年度股票期权激励计划（草案）,股权激励计划,2024-08-23,https://www.cninfo.com.cn/new/disclosure/detail?stockCode=002463&announcementId=1220955321,https://static.cninfo.com.cn/finalpage/2024-08-23/1220955321.PDF,data/pdf/002463_1220955321.pdf,cninfo,2026-06-03T12:17:22,success,
1220872919,002655,共达电声,,共达电声：共达电声股份有限公司2024年股票期权激励计划（草案）,股权激励计划,2024-08-15,https://www.cninfo.com.cn/new/disclosure/detail?stockCode=002655&announcementId=1220872919,https://static.cninfo.com.cn/finalpage/2024-08-15/1220872919.PDF,data/pdf/002655_1220872919.pdf,cninfo,2026-06-03T12:17:27,success,
1220402476,002600,领益智造,,领益智造：2024年股票期权激励计划（草案）,股权激励计划,2024-06-20,https://www.cninfo.com.cn/new/disclosure/detail?stockCode=002600&announcementId=1220402476,https://static.cninfo.com.cn/finalpage/2024-06-20/1220402476.PDF,data/pdf/002600_1220402476.pdf,cninfo,2026-06-03T12:17:29,success,
1220807216,002322,理工能科,,理工能科：宁波理工环境能源科技股份有限公司2024年股票期权激励计划（草案）,股权激励计划,2024-08-07,https://www.cninfo.com.cn/new/disclosure/detail?stockCode=002322&announcementId=1220807216,https://static.cninfo.com.cn/finalpage/2024-08-07/1220807216.PDF,data/pdf/002322_1220807216.pdf,cninfo,2026-06-03T12:17:31,success,
1220806891,603129,春风动力,,春风动力：春风动力2024年股票期权激励计划（草案）,股权激励计划,2024-08-07,https://www.cninfo.com.cn/new/disclosure/detail?stockCode=603129&announcementId=1220806891,https://static.cninfo.com.cn/finalpage/2024-08-07/1220806891.PDF,data/pdf/603129_1220806891.pdf,cninfo,2026-06-03T12:17:31,success,
1220376685,603115,海星股份,,海星股份：2024年股票期权激励计划（草案）,股权激励计划,2024-06-18,https://www.cninfo.com.cn/new/disclosure/detail?stockCode=603115&announcementId=1220376685,https://static.cninfo.com.cn/finalpage/2024-06-18/1220376685.PDF,data/pdf/603115_1220376685.pdf,cninfo,2026-06-03T12:17:35,success,
1220197318,603818,曲美家居,,曲美家居：曲美家居2024年股票期权激励计划（草案）,股权激励计划,2024-05-30,https://www.cninfo.com.cn/new/disclosure/detail?stockCode=603818&announcementId=1220197318,https://static.cninfo.com.cn/finalpage/2024-05-30/1220197318.PDF,data/pdf/603818_1220197318.pdf,cninfo,2026-06-03T12:17:48,success,
1220159905,002959,小熊电器,,小熊电器：2024年股票期权激励计划（草案）,股权激励计划,2024-05-25,https://www.cninfo.com.cn/new/disclosure/detail?stockCode=002959&announcementId=1220159905,https://static.cninfo.com.cn/finalpage/2024-05-25/1220159905.PDF,data/pdf/002959_1220159905.pdf,cninfo,2026-06-03T12:17:52,success,
1220087765,688696,极米科技,,极米科技：2024年股票期权激励计划（草案）,股权激励计划,2024-05-18,https://www.cninfo.com.cn/new/disclosure/detail?stockCode=688696&announcementId=1220087765,https://static.cninfo.com.cn/finalpage/2024-05-18/1220087765.PDF,data/pdf/688696_1220087765.pdf,cninfo,2026-06-03T12:17:59,success,
1220089787,603668,天马科技,,天马科技：天马科技2024年股票期权激励计划（草案）,股权激励计划,2024-05-18,https://www.cninfo.com.cn/new/disclosure/detail?stockCode=603668&announcementId=1220089787,https://static.cninfo.com.cn/finalpage/2024-05-18/1220089787.PDF,data/pdf/603668_1220089787.pdf,cninfo,2026-06-03T12:17:59,success,
1220061972,603908,牧高笛,,牧高笛：牧高笛户外用品股份有限公司2024年股票期权激励计划（草案）,股权激励计划,2024-05-16,https://www.cninfo.com.cn/new/disclosure/detail?stockCode=603908&announcementId=1220061972,https://static.cninfo.com.cn/finalpage/2024-05-16/1220061972.PDF,data/pdf/603908_1220061972.pdf,cninfo,2026-06-03T12:18:01,success,
1220378023,002976,瑞玛精密,,瑞玛精密：2024年股票期权激励计划（草案）,股权激励计划,2024-06-18,https://www.cninfo.com.cn/new/disclosure/detail?stockCode=002976&announcementId=1220378023,https://static.cninfo.com.cn/finalpage/2024-06-18/1220378023.PDF,data/pdf/002976_1220378023.pdf,cninfo,2026-06-03T12:18:10,success,
1219918170,603630,拉芳家化,,拉芳家化：第三期股票期权激励计划（草案）,股权激励计划,2024-04-30,https://www.cninfo.com.cn/new/disclosure/detail?stockCode=603630&announcementId=1219918170,https://static.cninfo.com.cn/finalpage/2024-04-30/1219918170.PDF,data/pdf/603630_1219918170.pdf,cninfo,2026-06-03T12:18:12,success,
1219908494,300783,三只松鼠,,三只松鼠：三只松鼠股份有限公司2024年股票期权激励计划（草案）,股权激励计划,2024-04-30,https://www.cninfo.com.cn/new/disclosure/detail?stockCode=300783&announcementId=1219908494,https://static.cninfo.com.cn/finalpage/2024-04-30/1219908494.PDF,data/pdf/300783_1219908494.pdf,cninfo,2026-06-03T12:18:12,success,
1219879171,603151,邦基科技,,邦基科技：山东邦基科技股份有限公司2024年股票期权激励计划（草案）,股权激励计划,2024-04-27,https://www.cninfo.com.cn/new/disclosure/detail?stockCode=603151&announcementId=1219879171,https://static.cninfo.com.cn/finalpage/2024-04-27/1219879171.PDF,data/pdf/603151_1219879171.pdf,cninfo,2026-06-03T12:18:16,success,
1219772786,002970,锐明技术,,锐明技术：2024年股票期权激励计划（草案）,股权激励计划,2024-04-24,https://www.cninfo.com.cn/new/disclosure/detail?stockCode=002970&announcementId=1219772786,https://static.cninfo.com.cn/finalpage/2024-04-24/1219772786.PDF,data/pdf/002970_1219772786.pdf,cninfo,2026-06-03T12:18:27,success,
1219763922,603286,日盈电子,电子,日盈电子：2024年限制性股票与股票期权激励计划（草案）,股权激励计划,2024-04-24,https://www.cninfo.com.cn/new/disclosure/detail?stockCode=603286&announcementId=1219763922,https://static.cninfo.com.cn/finalpage/2024-04-24/1219763922.PDF,data/pdf/603286_1219763922.pdf,cninfo,2026-06-03T12:18:27,success,
1219553244,603220,中贝通信,,中贝通信：2024年股票期权激励计划（草案）,股权激励计划,2024-04-10,https://www.cninfo.com.cn/new/disclosure/detail?stockCode=603220&announcementId=1219553244,https://static.cninfo.com.cn/finalpage/2024-04-10/1219553244.PDF,data/pdf/603220_1219553244.pdf,cninfo,2026-06-03T12:18:38,success,
1219537254,001308,康冠科技,,康冠科技：2024年股票期权激励计划（草案）,股权激励计划,2024-04-09,https://www.cninfo.com.cn/new/disclosure/detail?stockCode=001308&announcementId=1219537254,https://static.cninfo.com.cn/finalpage/2024-04-09/1219537254.PDF,data/pdf/001308_1219537254.pdf,cninfo,2026-06-03T12:18:38,success,
1219517956,603300,华铁应急,,华铁应急：浙江华铁应急设备科技股份有限公司2024年股票期权激励计划（草案）,股权激励计划,2024-04-04,https://www.cninfo.com.cn/new/disclosure/detail?stockCode=603300&announcementId=1219517956,https://static.cninfo.com.cn/finalpage/2024-04-04/1219517956.PDF,data/pdf/603300_1219517956.pdf,cninfo,2026-06-03T12:18:40,success,
1219985430,003012,东鹏控股,,东鹏控股：2024年股票期权激励计划（草案）,股权激励计划,2024-05-07,https://www.cninfo.com.cn/new/disclosure/detail?stockCode=003012&announcementId=1219985430,https://static.cninfo.com.cn/finalpage/2024-05-07/1219985430.PDF,data/pdf/003012_1219985430.pdf,cninfo,2026-06-03T12:18:42,success,
1219987034,605188,国光连锁,,国光连锁：江西国光商业连锁股份有限公司2024年股票期权激励计划（草案）,股权激励计划,2024-05-07,https://www.cninfo.com.cn/new/disclosure/detail?stockCode=605188&announcementId=1219987034,https://static.cninfo.com.cn/finalpage/2024-05-07/1219987034.PDF,data/pdf/605188_1219987034.pdf,cninfo,2026-06-03T12:18:42,success,
1219426067,000559,万向钱潮,,万向钱潮：2024年股票期权激励计划（草案）,股权激励计划,2024-03-28,https://www.cninfo.com.cn/new/disclosure/detail?stockCode=000559&announcementId=1219426067,https://static.cninfo.com.cn/finalpage/2024-03-28/1219426067.PDF,data/pdf/000559_1219426067.pdf,cninfo,2026-06-03T12:18:46,success,
1219389670,003001,中岩大地,,中岩大地：2024年股票期权激励计划（草案）激励对象名单,股权激励计划,2024-03-23,https://www.cninfo.com.cn/new/disclosure/detail?stockCode=003001&announcementId=1219389670,https://static.cninfo.com.cn/finalpage/2024-03-23/1219389670.PDF,data/pdf/003001_1219389670.pdf,cninfo,2026-06-03T12:18:48,success,
1219360929,301319,唯特偶,,唯特偶：2024年股票期权激励计划（草案）,股权激励计划,2024-03-21,https://www.cninfo.com.cn/new/disclosure/detail?stockCode=301319&announcementId=1219360929,https://static.cninfo.com.cn/finalpage/2024-03-21/1219360929.PDF,data/pdf/301319_1219360929.pdf,cninfo,2026-06-03T12:18:48,success,
1219329394,833030,立方控股,,[临时公告]立方控股:2024年股票期权激励计划（草案）,股权激励计划,2024-03-18,https://www.cninfo.com.cn/new/disclosure/detail?stockCode=833030&announcementId=1219329394,https://static.cninfo.com.cn/finalpage/2024-03-18/1219329394.PDF,data/pdf/833030_1219329394.pdf,cninfo,2026-06-03T12:18:53,success,
1219297801,002664,信质集团,,信质集团：2024年股票期权激励计划（草案),股权激励计划,2024-03-13,https://www.cninfo.com.cn/new/disclosure/detail?stockCode=002664&announcementId=1219297801,https://static.cninfo.com.cn/finalpage/2024-03-13/1219297801.PDF,data/pdf/002664_1219297801.pdf,cninfo,2026-06-03T12:18:55,success,
1219826058,300054,鼎龙股份,,鼎龙股份：2024年股票期权激励计划（草案）,股权激励计划,2024-04-26,https://www.cninfo.com.cn/new/disclosure/detail?stockCode=300054&announcementId=1219826058,https://static.cninfo.com.cn/finalpage/2024-04-26/1219826058.PDF,data/pdf/300054_1219826058.pdf,cninfo,2026-06-03T12:18:57,success,
1219839474,688698,伟创电气,,伟创电气：苏州伟创电气科技股份有限公司2024年股票期权激励计划（草案）,股权激励计划,2024-04-26,https://www.cninfo.com.cn/new/disclosure/detail?stockCode=688698&announcementId=1219839474,https://static.cninfo.com.cn/finalpage/2024-04-26/1219839474.PDF,data/pdf/688698_1219839474.pdf,cninfo,2026-06-03T12:18:57,success,
1219747689,300628,亿联网络,,亿联网络：2024年股票期权激励计划（草案）,股权激励计划,2024-04-23,https://www.cninfo.com.cn/new/disclosure/detail?stockCode=300628&announcementId=1219747689,https://static.cninfo.com.cn/finalpage/2024-04-23/1219747689.PDF,data/pdf/300628_1219747689.pdf,cninfo,2026-06-03T12:19:03,success,
1219696536,603986,兆易创新,,兆易创新：兆易创新科技集团股份有限公司2024年股票期权激励计划（草案）,股权激励计划,2024-04-20,https://www.cninfo.com.cn/new/disclosure/detail?stockCode=603986&announcementId=1219696536,https://static.cninfo.com.cn/finalpage/2024-04-20/1219696536.PDF,data/pdf/603986_1219696536.pdf,cninfo,2026-06-03T12:19:03,success,
1219706899,003030,祖名股份,,祖名股份：祖名股份2024年股票期权激励计划（草案）,股权激励计划,2024-04-20,https://www.cninfo.com.cn/new/disclosure/detail?stockCode=003030&announcementId=1219706899,https://static.cninfo.com.cn/finalpage/2024-04-20/1219706899.PDF,data/pdf/003030_1219706899.pdf,cninfo,2026-06-03T12:19:06,success,
1219636231,002245,蔚蓝锂芯,,蔚蓝锂芯：江苏蔚蓝锂芯股份有限公司2024年股票期权激励计划（草案）,股权激励计划,2024-04-17,https://www.cninfo.com.cn/new/disclosure/detail?stockCode=002245&announcementId=1219636231,https://static.cninfo.com.cn/finalpage/2024-04-17/1219636231.PDF,data/pdf/002245_1219636231.pdf,cninfo,2026-06-03T12:19:08,success,
1219622393,603700,宁水集团,,宁水集团：宁波水表（集团）股份有限公司2024年股票期权激励计划（草案）,股权激励计划,2024-04-16,https://www.cninfo.com.cn/new/disclosure/detail?stockCode=603700&announcementId=1219622393,https://static.cninfo.com.cn/finalpage/2024-04-16/1219622393.PDF,data/pdf/603700_1219622393.pdf,cninfo,2026-06-03T12:19:10,success,
1218859385,002180,纳思达,,纳思达：2024年股票期权激励计划（草案）,股权激励计划,2024-01-12,https://www.cninfo.com.cn/new/disclosure/detail?stockCode=002180&announcementId=1218859385,https://static.cninfo.com.cn/finalpage/2024-01-12/1218859385.PDF,data/pdf/002180_1218859385.pdf,cninfo,2026-06-03T12:19:12,success,
1219465836,301326,捷邦科技,,捷邦科技：捷邦精密科技股份有限公司2024年限制性股票与股票期权激励计划（草案）,股权激励计划,2024-03-30,https://www.cninfo.com.cn/new/disclosure/detail?stockCode=301326&announcementId=1219465836,https://static.cninfo.com.cn/finalpage/2024-03-30/1219465836.PDF,data/pdf/301326_1219465836.pdf,cninfo,2026-06-03T12:19:18,success,
1218743602,301126,达嘉维康,医药,达嘉维康：湖南达嘉维康医药产业股份有限公司2023年限制性股票与股票期权激励计划（草案）,股权激励计划,2023-12-28,https://www.cninfo.com.cn/new/disclosure/detail?stockCode=301126&announcementId=1218743602,https://static.cninfo.com.cn/finalpage/2023-12-28/1218743602.PDF,data/pdf/301126_1218743602.pdf,cninfo,2026-06-03T12:19:21,success,
1218734321,600320,振华重工,,振华重工：振华重工2023年股票期权激励计划（草案）,股权激励计划,2023-12-27,https://www.cninfo.com.cn/new/disclosure/detail?stockCode=600320&announcementId=1218734321,https://static.cninfo.com.cn/finalpage/2023-12-27/1218734321.PDF,data/pdf/600320_1218734321.pdf,cninfo,2026-06-03T12:19:21,success,
1218706667,688102,斯瑞新材,,斯瑞新材：陕西斯瑞新材料股份有限公司2023年股票期权激励计划（草案）,股权激励计划,2023-12-23,https://www.cninfo.com.cn/new/disclosure/detail?stockCode=688102&announcementId=1218706667,https://static.cninfo.com.cn/finalpage/2023-12-23/1218706667.PDF,data/pdf/688102_1218706667.pdf,cninfo,2026-06-03T12:19:25,success,
1218674960,603712,七一二,,七一二：天津七一二通信广播股份有限公司2023年股票期权激励计划（草案）,股权激励计划,2023-12-21,https://www.cninfo.com.cn/new/disclosure/detail?stockCode=603712&announcementId=1218674960,https://static.cninfo.com.cn/finalpage/2023-12-21/1218674960.PDF,data/pdf/603712_1218674960.pdf,cninfo,2026-06-03T12:19:25,success,
1218548112,300745,欣锐科技,,欣锐科技：2023年限制性股票与股票期权激励计划（草案）,股权激励计划,2023-12-08,https://www.cninfo.com.cn/new/disclosure/detail?stockCode=300745&announcementId=1218548112,https://static.cninfo.com.cn/finalpage/2023-12-08/1218548112.PDF,data/pdf/300745_1218548112.pdf,cninfo,2026-06-03T12:20:20,success,
1218534994,002044,美年健康,,美年健康：2023年股票期权激励计划（草案）,股权激励计划,2023-12-07,https://www.cninfo.com.cn/new/disclosure/detail?stockCode=002044&announcementId=1218534994,https://static.cninfo.com.cn/finalpage/2023-12-07/1218534994.PDF,data/pdf/002044_1218534994.pdf,cninfo,2026-06-03T12:20:20,success,
1219221448,300489,光智科技,,光智科技：2024年股票期权激励计划（草案）,股权激励计划,2024-03-02,https://www.cninfo.com.cn/new/disclosure/detail?stockCode=300489&announcementId=1219221448,https://static.cninfo.com.cn/finalpage/2024-03-02/1219221448.PDF,data/pdf/300489_1219221448.pdf,cninfo,2026-06-03T12:20:22,success,
1219199182,002609,捷顺科技,,捷顺科技：2024年股票期权激励计划（草案）,股权激励计划,2024-02-28,https://www.cninfo.com.cn/new/disclosure/detail?stockCode=002609&announcementId=1219199182,https://static.cninfo.com.cn/finalpage/2024-02-28/1219199182.PDF,data/pdf/002609_1219199182.pdf,cninfo,2026-06-03T12:20:22,success,
1219198504,600718,东软集团,,东软集团：东软集团2024年股票期权激励计划（草案）激励对象名单,股权激励计划,2024-02-28,https://www.cninfo.com.cn/new/disclosure/detail?stockCode=600718&announcementId=1219198504,https://static.cninfo.com.cn/finalpage/2024-02-28/1219198504.PDF,data/pdf/600718_1219198504.pdf,cninfo,2026-06-03T12:20:22,success,
1219172862,000659,珠海中富,,珠海中富：2024年股票期权激励计划(草案),股权激励计划,2024-02-24,https://www.cninfo.com.cn/new/disclosure/detail?stockCode=000659&announcementId=1219172862,https://static.cninfo.com.cn/finalpage/2024-02-24/1219172862.PDF,data/pdf/000659_1219172862.pdf,cninfo,2026-06-03T12:20:24,success,
1219110967,002311,海大集团,,海大集团：2024年股票期权激励计划（草案）,股权激励计划,2024-02-07,https://www.cninfo.com.cn/new/disclosure/detail?stockCode=002311&announcementId=1219110967,https://static.cninfo.com.cn/finalpage/2024-02-07/1219110967.PDF,data/pdf/002311_1219110967.pdf,cninfo,2026-06-03T12:20:26,success,
1218308622,003013,地铁设计,,地铁设计：2023年限制性股票与股票期权激励计划（草案）,股权激励计划,2023-11-11,https://www.cninfo.com.cn/new/disclosure/detail?stockCode=003013&announcementId=1218308622,https://static.cninfo.com.cn/finalpage/2023-11-11/1218308622.PDF,data/pdf/003013_1218308622.pdf,cninfo,2026-06-03T12:20:33,success,
1218169710,600026,中远海能,,中远海能：中远海能2023年股票期权激励计划（草案）,股权激励计划,2023-10-27,https://www.cninfo.com.cn/new/disclosure/detail?stockCode=600026&announcementId=1218169710,https://static.cninfo.com.cn/finalpage/2023-10-27/1218169710.PDF,data/pdf/600026_1218169710.pdf,cninfo,2026-06-03T12:20:41,success,
1218033365,688301,奕瑞科技,,奕瑞科技：奕瑞科技2023年限制性股票与股票期权激励计划（草案）,股权激励计划,2023-10-14,https://www.cninfo.com.cn/new/disclosure/detail?stockCode=688301&announcementId=1218033365,https://static.cninfo.com.cn/finalpage/2023-10-14/1218033365.PDF,data/pdf/688301_1218033365.pdf,cninfo,2026-06-03T12:20:48,success,
1218004683,835368,连城数控,,[临时公告]连城数控:第二期股票期权激励计划（草案）,股权激励计划,2023-10-10,https://www.cninfo.com.cn/new/disclosure/detail?stockCode=835368&announcementId=1218004683,https://static.cninfo.com.cn/finalpage/2023-10-10/1218004683.PDF,data/pdf/835368_1218004683.pdf,cninfo,2026-06-03T12:20:54,success,
1217995536,000035,中国天楹,,中国天楹：2023年股票期权激励计划（草案）,股权激励计划,2023-10-09,https://www.cninfo.com.cn/new/disclosure/detail?stockCode=000035&announcementId=1217995536,https://static.cninfo.com.cn/finalpage/2023-10-09/1217995536.PDF,data/pdf/000035_1217995536.pdf,cninfo,2026-06-03T12:20:54,success,
1217971572,603345,安井食品,,安井食品：安井食品2023年股票期权激励计划（草案）,股权激励计划,2023-09-28,https://www.cninfo.com.cn/new/disclosure/detail?stockCode=603345&announcementId=1217971572,https://static.cninfo.com.cn/finalpage/2023-09-28/1217971572.PDF,data/pdf/603345_1217971572.pdf,cninfo,2026-06-03T12:20:59,success,
1217971641,002865,钧达股份,,钧达股份：2023年第二期股票期权激励计划（草案),股权激励计划,2023-09-28,https://www.cninfo.com.cn/new/disclosure/detail?stockCode=002865&announcementId=1217971641,https://static.cninfo.com.cn/finalpage/2023-09-28/1217971641.PDF,data/pdf/002865_1217971641.pdf,cninfo,2026-06-03T12:20:59,success,
1217971208,000670,盈方微,,盈方微：2023年限制性股票与股票期权激励计划（草案）,股权激励计划,2023-09-28,https://www.cninfo.com.cn/new/disclosure/detail?stockCode=000670&announcementId=1217971208,https://static.cninfo.com.cn/finalpage/2023-09-28/1217971208.PDF,data/pdf/000670_1217971208.pdf,cninfo,2026-06-03T12:20:59,success,
1218332253,601899,紫金矿业,,紫金矿业：紫金矿业集团股份有限公司2023年股票期权激励计划（草案）,股权激励计划,2023-11-15,https://www.cninfo.com.cn/new/disclosure/detail?stockCode=601899&announcementId=1218332253,https://static.cninfo.com.cn/finalpage/2023-11-15/1218332253.PDF,data/pdf/601899_1218332253.pdf,cninfo,2026-06-03T12:21:05,success,
1218332266,02899,紫金矿业,,紫金矿业：2023年股票期权激励计划（草案）,股权激励计划,2023-11-14,https://www.cninfo.com.cn/new/disclosure/detail?stockCode=02899&announcementId=1218332266,https://static.cninfo.com.cn/finalpage/2023-11-14/1218332266.PDF,data/pdf/02899_1218332266.pdf,cninfo,2026-06-03T12:21:05,success,
1218247780,603602,纵横通信,,纵横通信：纵横通信2023年股票期权激励计划（草案）,股权激励计划,2023-11-04,https://www.cninfo.com.cn/new/disclosure/detail?stockCode=603602&announcementId=1218247780,https://static.cninfo.com.cn/finalpage/2023-11-04/1218247780.PDF,data/pdf/603602_1218247780.pdf,cninfo,2026-06-03T12:21:09,success,
1217835309,002930,宏川智慧,,宏川智慧：2023年股票期权激励计划（草案）,股权激励计划,2023-09-13,https://www.cninfo.com.cn/new/disclosure/detail?stockCode=002930&announcementId=1217835309,https://static.cninfo.com.cn/finalpage/2023-09-13/1217835309.PDF,data/pdf/002930_1217835309.pdf,cninfo,2026-06-03T12:21:12,success,
1218192399,831961,"创远仪器,创远信科",,[临时公告]创远信科:2023年股票期权激励计划（草案）,股权激励计划,2023-10-27,https://www.cninfo.com.cn/new/disclosure/detail?stockCode=831961&announcementId=1218192399,https://static.cninfo.com.cn/finalpage/2023-10-27/1218192399.PDF,data/pdf/831961_1218192399.pdf,cninfo,2026-06-03T12:21:16,success,
1218110702,002766,索菱股份,,索菱股份：索菱股份2023年限制性股票与股票期权激励计划（草案）,股权激励计划,2023-10-21,https://www.cninfo.com.cn/new/disclosure/detail?stockCode=002766&announcementId=1218110702,https://static.cninfo.com.cn/finalpage/2023-10-21/1218110702.PDF,data/pdf/002766_1218110702.pdf,cninfo,2026-06-03T12:21:25,success,
1218077508,300014,亿纬锂能,,亿纬锂能：第五期股票期权激励计划（草案）,股权激励计划,2023-10-19,https://www.cninfo.com.cn/new/disclosure/detail?stockCode=300014&announcementId=1218077508,https://static.cninfo.com.cn/finalpage/2023-10-19/1218077508.PDF,data/pdf/300014_1218077508.pdf,cninfo,2026-06-03T12:21:25,success,
1217983455,300443,金雷股份,,金雷股份：2023年股票期权激励计划（草案）,股权激励计划,2023-09-29,https://www.cninfo.com.cn/new/disclosure/detail?stockCode=300443&announcementId=1217983455,https://static.cninfo.com.cn/finalpage/2023-09-29/1217983455.PDF,data/pdf/300443_1217983455.pdf,cninfo,2026-06-03T12:21:38,success,
1217970371,002212,天融信,,天融信：〝奋斗者〞第一期（2023年增补）股票期权激励计划（草案）,股权激励计划,2023-09-28,https://www.cninfo.com.cn/new/disclosure/detail?stockCode=002212&announcementId=1217970371,https://static.cninfo.com.cn/finalpage/2023-09-28/1217970371.PDF,data/pdf/002212_1217970371.pdf,cninfo,2026-06-03T12:21:38,success,
1217907903,605228,神通科技,,神通科技：2023年限制性股票与股票期权激励计划（草案）,股权激励计划,2023-09-21,https://www.cninfo.com.cn/new/disclosure/detail?stockCode=605228&announcementId=1217907903,https://static.cninfo.com.cn/finalpage/2023-09-21/1217907903.PDF,data/pdf/605228_1217907903.pdf,cninfo,2026-06-03T12:21:44,success,
1217716758,002174,游族网络,,游族网络：2023年股票期权激励计划（草案）,股权激励计划,2023-08-31,https://www.cninfo.com.cn/new/disclosure/detail?stockCode=002174&announcementId=1217716758,https://static.cninfo.com.cn/finalpage/2023-08-31/1217716758.PDF,data/pdf/002174_1217716758.pdf,cninfo,2026-06-03T12:22:01,success,
1217719500,603906,龙蟠科技,,龙蟠科技：江苏龙蟠科技股份有限公司2023年股票期权激励计划（草案）,股权激励计划,2023-08-31,https://www.cninfo.com.cn/new/disclosure/detail?stockCode=603906&announcementId=1217719500,https://static.cninfo.com.cn/finalpage/2023-08-31/1217719500.PDF,data/pdf/603906_1217719500.pdf,cninfo,2026-06-03T12:22:01,success,
1217701258,603197,保隆科技,,保隆科技：保隆科技2023年限制性股票与股票期权激励计划（草案）,股权激励计划,2023-08-30,https://www.cninfo.com.cn/new/disclosure/detail?stockCode=603197&announcementId=1217701258,https://static.cninfo.com.cn/finalpage/2023-08-30/1217701258.PDF,data/pdf/603197_1217701258.pdf,cninfo,2026-06-03T12:22:06,success,
1217676143,601231,环旭电子,电子,环旭电子：环旭电子股份有限公司2023年股票期权激励计划（草案）,股权激励计划,2023-08-29,https://www.cninfo.com.cn/new/disclosure/detail?stockCode=601231&announcementId=1217676143,https://static.cninfo.com.cn/finalpage/2023-08-29/1217676143.PDF,data/pdf/601231_1217676143.pdf,cninfo,2026-06-03T12:22:06,success,
1217238474,603236,移远通信,,移远通信：2023年股票期权激励计划（草案）,股权激励计划,2023-07-08,https://www.cninfo.com.cn/new/disclosure/detail?stockCode=603236&announcementId=1217238474,https://static.cninfo.com.cn/finalpage/2023-07-08/1217238474.PDF,data/pdf/603236_1217238474.pdf,cninfo,2026-06-03T12:22:08,success,
1217185589,002695,煌上煌,,煌上煌：2023年股票期权激励计划（草案）,股权激励计划,2023-07-01,https://www.cninfo.com.cn/new/disclosure/detail?stockCode=002695&announcementId=1217185589,https://static.cninfo.com.cn/finalpage/2023-07-01/1217185589.PDF,data/pdf/002695_1217185589.pdf,cninfo,2026-06-03T12:22:14,success,
1217183595,688155,先惠技术,,先惠技术：上海先惠自动化技术股份有限公司2023年股票期权激励计划（草案）,股权激励计划,2023-07-01,https://www.cninfo.com.cn/new/disclosure/detail?stockCode=688155&announcementId=1217183595,https://static.cninfo.com.cn/finalpage/2023-07-01/1217183595.PDF,data/pdf/688155_1217183595.pdf,cninfo,2026-06-03T12:22:14,success,
1217576579,603718,海利生物,,海利生物：海利生物2023年限制性股票与股票期权激励计划（草案）,股权激励计划,2023-08-19,https://www.cninfo.com.cn/new/disclosure/detail?stockCode=603718&announcementId=1217576579,https://static.cninfo.com.cn/finalpage/2023-08-19/1217576579.PDF,data/pdf/603718_1217576579.pdf,cninfo,2026-06-03T12:22:17,success,
1217133288,300700,岱勒新材,,岱勒新材：2023年股票期权激励计划（草案）,股权激励计划,2023-06-26,https://www.cninfo.com.cn/new/disclosure/detail?stockCode=300700&announcementId=1217133288,https://static.cninfo.com.cn/finalpage/2023-06-26/1217133288.PDF,data/pdf/300700_1217133288.pdf,cninfo,2026-06-03T12:22:21,success,
1217500803,002426,胜利精密,,胜利精密：2023年股票期权激励计划（草案）（更新后）（更新前）,股权激励计划,2023-08-10,https://www.cninfo.com.cn/new/disclosure/detail?stockCode=002426&announcementId=1217500803,https://static.cninfo.com.cn/finalpage/2023-08-10/1217500803.PDF,data/pdf/002426_1217500803.pdf,cninfo,2026-06-03T12:22:23,success,
1217479928,300665,飞鹿股份,,飞鹿股份：株洲飞鹿高新材料技术股份有限公司2023年股票期权激励计划（草案）,股权激励计划,2023-08-08,https://www.cninfo.com.cn/new/disclosure/detail?stockCode=300665&announcementId=1217479928,https://static.cninfo.com.cn/finalpage/2023-08-08/1217479928.PDF,data/pdf/300665_1217479928.pdf,cninfo,2026-06-03T12:22:23,success,
1217471926,600745,闻泰科技,,闻泰科技：2023年股票期权激励计划（草案）,股权激励计划,2023-08-07,https://www.cninfo.com.cn/new/disclosure/detail?stockCode=600745&announcementId=1217471926,https://static.cninfo.com.cn/finalpage/2023-08-07/1217471926.PDF,data/pdf/600745_1217471926.pdf,cninfo,2026-06-03T12:22:25,success,
1217468349,688622,禾信仪器,,禾信仪器：2023年限制性股票与股票期权激励计划（草案）,股权激励计划,2023-08-05,https://www.cninfo.com.cn/new/disclosure/detail?stockCode=688622&announcementId=1217468349,https://static.cninfo.com.cn/finalpage/2023-08-05/1217468349.PDF,data/pdf/688622_1217468349.pdf,cninfo,2026-06-03T12:22:25,success,
1217469430,002587,奥拓电子,电子,奥拓电子：2023年股票期权激励计划(草案),股权激励计划,2023-08-05,https://www.cninfo.com.cn/new/disclosure/detail?stockCode=002587&announcementId=1217469430,https://static.cninfo.com.cn/finalpage/2023-08-05/1217469430.PDF,data/pdf/002587_1217469430.pdf,cninfo,2026-06-03T12:22:25,success,
1217469409,688561,奇安信,,奇安信：奇安信科技集团股份有限公司2023年股票期权激励计划（草案）,股权激励计划,2023-08-05,https://www.cninfo.com.cn/new/disclosure/detail?stockCode=688561&announcementId=1217469409,https://static.cninfo.com.cn/finalpage/2023-08-05/1217469409.PDF,data/pdf/688561_1217469409.pdf,cninfo,2026-06-03T12:22:27,success,
1217013816,603708,家家悦,,家家悦：家家悦集团股份有限公司2023年股票期权激励计划（第一期）（草案）,股权激励计划,2023-06-08,https://www.cninfo.com.cn/new/disclosure/detail?stockCode=603708&announcementId=1217013816,https://static.cninfo.com.cn/finalpage/2023-06-08/1217013816.PDF,data/pdf/603708_1217013816.pdf,cninfo,2026-06-03T12:22:38,success,
1216978740,603679,华体科技,,华体科技：四川华体照明科技股份有限公司2023年股票期权激励计划（草案）,股权激励计划,2023-06-03,https://www.cninfo.com.cn/new/disclosure/detail?stockCode=603679&announcementId=1216978740,https://static.cninfo.com.cn/finalpage/2023-06-03/1216978740.PDF,data/pdf/603679_1216978740.pdf,cninfo,2026-06-03T12:22:42,success,
1216958709,300925,法本信息,,法本信息：法本信息2023年限制性股票与股票期权激励计划（草案）,股权激励计划,2023-06-01,https://www.cninfo.com.cn/new/disclosure/detail?stockCode=300925&announcementId=1216958709,https://static.cninfo.com.cn/finalpage/2023-06-01/1216958709.PDF,data/pdf/300925_1216958709.pdf,cninfo,2026-06-03T12:22:42,success,
1217275133,002120,韵达股份,,韵达股份：2023年股票期权激励计划（草案）,股权激励计划,2023-07-12,https://www.cninfo.com.cn/new/disclosure/detail?stockCode=002120&announcementId=1217275133,https://static.cninfo.com.cn/finalpage/2023-07-12/1217275133.PDF,data/pdf/002120_1217275133.pdf,cninfo,2026-06-03T12:22:47,success,
1217265528,603588,高能环境,,高能环境：高能环境2023年限制性股票与股票期权激励计划（草案）,股权激励计划,2023-07-11,https://www.cninfo.com.cn/new/disclosure/detail?stockCode=603588&announcementId=1217265528,https://static.cninfo.com.cn/finalpage/2023-07-11/1217265528.PDF,data/pdf/603588_1217265528.pdf,cninfo,2026-06-03T12:22:47,success,
1216876805,001313,粤海饲料,,粤海饲料：2023年股票期权激励计划(草案),股权激励计划,2023-05-23,https://www.cninfo.com.cn/new/disclosure/detail?stockCode=001313&announcementId=1216876805,https://static.cninfo.com.cn/finalpage/2023-05-23/1216876805.PDF,data/pdf/001313_1216876805.pdf,cninfo,2026-06-03T12:22:53,success,
1216875964,688359,三孚新科,,三孚新科：三孚新科：2023年股票期权激励计划（草案）,股权激励计划,2023-05-23,https://www.cninfo.com.cn/new/disclosure/detail?stockCode=688359&announcementId=1216875964,https://static.cninfo.com.cn/finalpage/2023-05-23/1216875964.PDF,data/pdf/688359_1216875964.pdf,cninfo,2026-06-03T12:22:53,success,
1216869668,603660,苏州科达,,苏州科达：苏州科达2023年限制性股票与股票期权激励计划（草案）,股权激励计划,2023-05-22,https://www.cninfo.com.cn/new/disclosure/detail?stockCode=603660&announcementId=1216869668,https://static.cninfo.com.cn/finalpage/2023-05-22/1216869668.PDF,data/pdf/603660_1216869668.pdf,cninfo,2026-06-03T12:22:55,success,
1216854623,600180,瑞茂通,,瑞茂通：瑞茂通供应链管理股份有限公司2023年股票期权激励计划（草案）,股权激励计划,2023-05-19,https://www.cninfo.com.cn/new/disclosure/detail?stockCode=600180&announcementId=1216854623,https://static.cninfo.com.cn/finalpage/2023-05-19/1216854623.PDF,data/pdf/600180_1216854623.pdf,cninfo,2026-06-03T12:22:57,success,
1216701190,002028,思源电气,,思源电气：2023年股票期权激励计划（草案）,股权激励计划,2023-04-29,https://www.cninfo.com.cn/new/disclosure/detail?stockCode=002028&announcementId=1216701190,https://static.cninfo.com.cn/finalpage/2023-04-29/1216701190.PDF,data/pdf/002028_1216701190.pdf,cninfo,2026-06-03T12:23:10,success,
1216657867,000528,柳    工,,柳    工：广西柳工机械股份有限公司2023年股票期权激励计划（草案）,股权激励计划,2023-04-28,https://www.cninfo.com.cn/new/disclosure/detail?stockCode=000528&announcementId=1216657867,https://static.cninfo.com.cn/finalpage/2023-04-28/1216657867.PDF,data/pdf/000528_1216657867.pdf,cninfo,2026-06-03T12:23:10,success,
1216667786,603808,歌力思,,歌力思：2023年股票期权激励计划（草案）,股权激励计划,2023-04-28,https://www.cninfo.com.cn/new/disclosure/detail?stockCode=603808&announcementId=1216667786,https://static.cninfo.com.cn/finalpage/2023-04-28/1216667786.PDF,data/pdf/603808_1216667786.pdf,cninfo,2026-06-03T12:23:10,success,
1217056112,600732,爱旭股份,,爱旭股份：2023年限制性股票与股票期权激励计划（草案）,股权激励计划,2023-06-14,https://www.cninfo.com.cn/new/disclosure/detail?stockCode=600732&announcementId=1217056112,https://static.cninfo.com.cn/finalpage/2023-06-14/1217056112.PDF,data/pdf/600732_1217056112.pdf,cninfo,2026-06-03T12:23:12,success,
1216557087,003007,直真科技,,直真科技：北京直真科技股份有限公司2023年股票期权激励计划（草案）,股权激励计划,2023-04-25,https://www.cninfo.com.cn/new/disclosure/detail?stockCode=003007&announcementId=1216557087,https://static.cninfo.com.cn/finalpage/2023-04-25/1216557087.PDF,data/pdf/003007_1216557087.pdf,cninfo,2026-06-03T12:23:23,success,
1216441792,603711,香飘飘,,香飘飘：香飘飘2023年股票期权激励计划（草案）,股权激励计划,2023-04-18,https://www.cninfo.com.cn/new/disclosure/detail?stockCode=603711&announcementId=1216441792,https://static.cninfo.com.cn/finalpage/2023-04-18/1216441792.PDF,data/pdf/603711_1216441792.pdf,cninfo,2026-06-03T12:23:30,success,
1216380818,002291,遥望科技,,遥望科技：遥望科技2023年股票期权激励计划（草案）,股权激励计划,2023-04-12,https://www.cninfo.com.cn/new/disclosure/detail?stockCode=002291&announcementId=1216380818,https://static.cninfo.com.cn/finalpage/2023-04-12/1216380818.PDF,data/pdf/002291_1216380818.pdf,cninfo,2026-06-03T12:23:34,success,
1216822018,300369,绿盟科技,,绿盟科技：2023年限制性股票与股票期权激励计划（草案）,股权激励计划,2023-05-15,https://www.cninfo.com.cn/new/disclosure/detail?stockCode=300369&announcementId=1216822018,https://static.cninfo.com.cn/finalpage/2023-05-15/1216822018.PDF,data/pdf/300369_1216822018.pdf,cninfo,2026-06-03T12:23:40,success,
1216809098,430139,华岭股份,集成电路,[临时公告]华岭股份:上海华岭集成电路技术股份有限公司2023年股票期权激励计划（草案）,股权激励计划,2023-05-12,https://www.cninfo.com.cn/new/disclosure/detail?stockCode=430139&announcementId=1216809098,https://static.cninfo.com.cn/finalpage/2023-05-12/1216809098.PDF,data/pdf/430139_1216809098.pdf,cninfo,2026-06-03T12:23:42,success,
1216167983,002162,悦心健康,,悦心健康：2023年股票期权激励计划（草案）,股权激励计划,2023-03-21,https://www.cninfo.com.cn/new/disclosure/detail?stockCode=002162&announcementId=1216167983,https://static.cninfo.com.cn/finalpage/2023-03-21/1216167983.PDF,data/pdf/002162_1216167983.pdf,cninfo,2026-06-03T12:23:47,success,
1216168385,603529,爱玛科技,,爱玛科技：爱玛科技集团股份有限公司2023年股票期权激励计划（草案),股权激励计划,2023-03-21,https://www.cninfo.com.cn/new/disclosure/detail?stockCode=603529&announcementId=1216168385,https://static.cninfo.com.cn/finalpage/2023-03-21/1216168385.PDF,data/pdf/603529_1216168385.pdf,cninfo,2026-06-03T12:23:47,success,
1216115804,834599,同力股份,,[临时公告]同力股份:2023年股票期权激励计划（草案）,股权激励计划,2023-03-14,https://www.cninfo.com.cn/new/disclosure/detail?stockCode=834599&announcementId=1216115804,https://static.cninfo.com.cn/finalpage/2023-03-14/1216115804.PDF,data/pdf/834599_1216115804.pdf,cninfo,2026-06-03T12:23:49,success,
1216666794,603516,淳中科技,,淳中科技：北京淳中科技股份有限公司2023年股票期权激励计划（草案）,股权激励计划,2023-04-28,https://www.cninfo.com.cn/new/disclosure/detail?stockCode=603516&announcementId=1216666794,https://static.cninfo.com.cn/finalpage/2023-04-28/1216666794.PDF,data/pdf/603516_1216666794.pdf,cninfo,2026-06-03T12:23:53,success,
1216561147,002674,兴业科技,,兴业科技：2023年股票期权激励计划（草案）,股权激励计划,2023-04-25,https://www.cninfo.com.cn/new/disclosure/detail?stockCode=002674&announcementId=1216561147,https://static.cninfo.com.cn/finalpage/2023-04-25/1216561147.PDF,data/pdf/002674_1216561147.pdf,cninfo,2026-06-03T12:24:04,success,
1216381400,603507,振江股份,,振江股份：江苏振江新能源装备股份有限公司第三期股票期权激励计划（草案）,股权激励计划,2023-04-12,https://www.cninfo.com.cn/new/disclosure/detail?stockCode=603507&announcementId=1216381400,https://static.cninfo.com.cn/finalpage/2023-04-12/1216381400.PDF,data/pdf/603507_1216381400.pdf,cninfo,2026-06-03T12:24:12,success,
1215457366,300781,因赛集团,,因赛集团：2022年股票期权激励计划（草案）,股权激励计划,2022-12-27,https://www.cninfo.com.cn/new/disclosure/detail?stockCode=300781&announcementId=1215457366,https://static.cninfo.com.cn/finalpage/2022-12-27/1215457366.PDF,data/pdf/300781_1215457366.pdf,cninfo,2026-06-03T12:24:17,success,
1216301238,603063,禾望电气,,禾望电气：深圳市禾望电气股份有限公司2023年股票期权激励计划（草案）,股权激励计划,2023-04-01,https://www.cninfo.com.cn/new/disclosure/detail?stockCode=603063&announcementId=1216301238,https://static.cninfo.com.cn/finalpage/2023-04-01/1216301238.PDF,data/pdf/603063_1216301238.pdf,cninfo,2026-06-03T12:24:21,success,
1216274414,000555,神州信息,,神州信息：2023年股票期权激励计划（草案）,股权激励计划,2023-03-31,https://www.cninfo.com.cn/new/disclosure/detail?stockCode=000555&announcementId=1216274414,https://static.cninfo.com.cn/finalpage/2023-03-31/1216274414.PDF,data/pdf/000555_1216274414.pdf,cninfo,2026-06-03T12:24:21,success,
1216281403,002052,ST同洲,,*ST同洲：2023年股票期权激励计划（草案）,股权激励计划,2023-03-31,https://www.cninfo.com.cn/new/disclosure/detail?stockCode=002052&announcementId=1216281403,https://static.cninfo.com.cn/finalpage/2023-03-31/1216281403.PDF,data/pdf/002052_1216281403.pdf,cninfo,2026-06-03T12:24:21,success,
1216271792,603222,济民医疗,,济民医疗：济民健康管理股份有限公司2023年股票期权激励计划（草案）,股权激励计划,2023-03-31,https://www.cninfo.com.cn/new/disclosure/detail?stockCode=603222&announcementId=1216271792,https://static.cninfo.com.cn/finalpage/2023-03-31/1216271792.PDF,data/pdf/603222_1216271792.pdf,cninfo,2026-06-03T12:24:21,success,
1216277571,300811,铂科新材,,铂科新材：2023年限制性股票与股票期权激励计划（草案）,股权激励计划,2023-03-31,https://www.cninfo.com.cn/new/disclosure/detail?stockCode=300811&announcementId=1216277571,https://static.cninfo.com.cn/finalpage/2023-03-31/1216277571.PDF,data/pdf/300811_1216277571.pdf,cninfo,2026-06-03T12:24:23,success,
1215650729,002456,欧菲光,,欧菲光：2023年第一期股票期权激励计划（草案）,股权激励计划,2023-01-19,https://www.cninfo.com.cn/new/disclosure/detail?stockCode=002456&announcementId=1215650729,https://static.cninfo.com.cn/finalpage/2023-01-19/1215650729.PDF,data/pdf/002456_1215650729.pdf,cninfo,2026-06-03T12:24:47,success,
1214945342,600525,长园集团,,长园集团：第四期限制性股票与股票期权激励计划（草案）,股权激励计划,2022-10-28,https://www.cninfo.com.cn/new/disclosure/detail?stockCode=600525&announcementId=1214945342,https://static.cninfo.com.cn/finalpage/2022-10-28/1214945342.PDF,data/pdf/600525_1214945342.pdf,cninfo,2026-06-03T12:24:49,success,
1214826802,002878,元隆雅图,,元隆雅图：北京元隆雅图文化传播股份有限公司2022年股票期权激励计划（草案）,股权激励计划,2022-10-19,https://www.cninfo.com.cn/new/disclosure/detail?stockCode=002878&announcementId=1214826802,https://static.cninfo.com.cn/finalpage/2022-10-19/1214826802.PDF,data/pdf/002878_1214826802.pdf,cninfo,2026-06-03T12:25:02,success,
1214825162,000820,神雾节能,,神雾节能：神雾节能2022年股票期权激励计划（草案）,股权激励计划,2022-10-19,https://www.cninfo.com.cn/new/disclosure/detail?stockCode=000820&announcementId=1214825162,https://static.cninfo.com.cn/finalpage/2022-10-19/1214825162.PDF,data/pdf/000820_1214825162.pdf,cninfo,2026-06-03T12:25:02,success,
