doc_id,title,target_section,found,section_title,page_start,page_end,quality_issue,notes
1224831097,富祥药业：第一期股票期权激励计划（草案）,equity_incentive,true,FULL_DOCUMENT,1,1,ok,证券代码：300497  证券简称：富祥药业  # 江西富祥药业股份有限公司  
1224906264,弘亚数控：2025年股票期权激励计划（草案）,equity_incentive,true,FULL_DOCUMENT,1,1,ok,# 广州弘亚数控机械集团股份有限公司  # 2025 年股票期权激励计划  # 
1224848770,良信股份：2025年奋斗者3号股票期权激励计划（草案）,equity_incentive,true,FULL_DOCUMENT,1,1,ok,证券简称：良信股份  证券代码：002706  ![](images/b7787
1224821225,北方华创：2025年股票期权激励计划（草案）,equity_incentive,true,FULL_DOCUMENT,1,1,ok,股票简称：北方华创  股票代码：002371  上市地点：深圳证券交易所  # 
1224802424,安乃达：2025年限制性股票与股票期权激励计划（草案）,equity_incentive,true,FULL_DOCUMENT,1,1,ok,# 安乃达驱动技术（上海）股份有限公司  # 2025 年限制性股票与股票期权 
1224794179,杰创智能：杰创智能科技股份有限公司2025年股票期权激励计划（草案）,equity_incentive,true,FULL_DOCUMENT,1,1,ok,![](images/42863f883d474a803b5458f66be32
1224755372,菲菱科思：深圳市菲菱科思通信技术股份有限公司2025年股票期权激励计划（草案）,equity_incentive,true,FULL_DOCUMENT,1,1,ok,# 深圳市菲菱科思通信技术股份有限公司  # 2025年股票期权激励计划  # 
1224636846,运机集团：2025年股票期权激励计划（草案）,equity_incentive,true,FULL_DOCUMENT,1,1,ok,# 四川省自贡运输机械集团股份有限公司  # 2025年股票期权激励计划  （草
1224635293,君实生物：君实生物2025年A股股票期权激励计划（草案）,equity_incentive,true,FULL_DOCUMENT,1,1,ok,证券简称：君实生物  证券代码：688180  ![](images/dc4fb
1224633200,德明利：深圳市德明利技术股份有限公司2025年股票期权激励计划（草案）,equity_incentive,true,FULL_DOCUMENT,1,1,ok,股票简称：德明利  证券代码：001309  # 深圳市德明利技术股份有限公司 
1224633025,*ST双成：海南双成药业股份有限公司2025 年限制性股票与股票期权激励计划（草案）,equity_incentive,true,FULL_DOCUMENT,1,1,ok,证券简称：\*ST 双成  证券代码：002693  # 海南双成药业股份有限公
1224560888,晶澳科技：2025年股票期权激励计划（草案）,equity_incentive,true,FULL_DOCUMENT,1,1,ok,证券简称：晶澳科技  证券代码：002459  # 晶澳太阳能科技股份有限公司 
1224561767,恒生电子：恒生电子股份有限公司2025年股票期权激励计划（草案）,equity_incentive,true,FULL_DOCUMENT,1,1,ok,# 恒生电子股份有限公司  # 2025 年股票期权激励计划  # （草案）  
1224687306,盾安环境：浙江盾安人工环境股份有限公司长期激励计划第二期暨2025年限制性股票与股票期权激励计划（草案）,equity_incentive,true,FULL_DOCUMENT,1,1,ok,# 长期激励计划第二期暨 2025 年限制性股票与股票期权激励计划  （草案） 
1224686434,魅视科技：2025年限制性股票与股票期权激励计划（草案）,equity_incentive,true,FULL_DOCUMENT,1,1,ok,# 广东魅视科技股份有限公司  # 2025 年限制性股票与股票期权激励计划  
1224682345,众兴菌业：2025年股票期权激励计划（草案）,equity_incentive,true,FULL_DOCUMENT,1,1,ok,证券简称：众兴菌业  证券代码：002772  ![](images/d185f
1224682826,明阳智能：明阳智慧能源集团股份公司2025年股票期权激励计划（草案）,equity_incentive,true,FULL_DOCUMENT,1,1,ok,# 明阳智慧能源集团股份公司  # 2025年股票期权激励计划（草案）  明阳智
1224518013,大洋电机：大洋电机2025年股票期权激励计划（草案）,equity_incentive,true,FULL_DOCUMENT,1,1,ok,# 中山大洋电机股份有限公司  # 2025年股票期权激励计划  # （草案） 
1224519309,永冠新材：上海永冠众诚新材料科技（集团）股份有限公司2025年股票期权激励计划（草案）,equity_incentive,true,FULL_DOCUMENT,1,1,ok,![](images/3dbbe569b83624aa826c438cafe2a
1224672514,卡莱特：2025年股票期权激励计划（草案）,equity_incentive,true,FULL_DOCUMENT,1,1,ok,# 卡莱特云科技股份有限公司  # 2025年股票期权激励计划  # （草案） 
1224387868,盈新发展：2025年股票期权激励计划（草案）,equity_incentive,true,FULL_DOCUMENT,1,1,ok,# 北京铜官盈新文化旅游发展股份有限公司  # 2025 年股票期权激励计划  
1224330159,神马电力：江苏神马电力股份有限公司2025年股票期权激励计划（草案）,equity_incentive,true,FULL_DOCUMENT,1,1,ok,证券简称：神马电力  证券代码：603530  # 江苏神马电力股份有限公司  
1224330361,鹏辉能源：2025年股票期权激励计划（草案）,equity_incentive,true,FULL_DOCUMENT,1,1,ok,# 鹏辉能源GREAT POWER  # 广州鹏辉能源科技股份有限公司2025年
1224650866,凯中精密：2025年股票期权激励计划（草案）,equity_incentive,true,FULL_DOCUMENT,1,1,ok,# 深圳市凯中精密技术股份有限公司  # 2025年股票期权激励计划  # （草
1224651515,乐心医疗：广东乐心医疗电子股份有限公司2025年股票期权激励计划（草案）,equity_incentive,true,FULL_DOCUMENT,1,1,ok,证券简称：乐心医疗  证券代码：300562  # lifesense乐心  #
1224269819,华胜天成：2025年第二期股票期权激励计划（草案）,equity_incentive,true,FULL_DOCUMENT,1,1,ok,证券简称：华胜天成  证券代码：600410  # 北京华胜天成科技股份有限公司
1224215903,超讯通信：超讯通信：2025年股票期权激励计划（草案）,equity_incentive,true,FULL_DOCUMENT,1,1,ok,# 超讯通信股份有限公司  # 2025 年股票期权激励计划  # （草案）  
1224616327,柳药集团：广西柳药集团股份有限公司2025年股票期权激励计划（草案）,equity_incentive,true,FULL_DOCUMENT,1,1,ok,![](images/8f029069ce8dff38c687e0e5e89bb
1224058147,海量数据：海量数据2025年股票期权激励计划（草案）,equity_incentive,true,FULL_DOCUMENT,1,1,ok,# 北京海量数据技术股份有限公司  # 2025 年股票期权激励计划  # （草
1224561796,复星医药：上海复星医药（集团）股份有限公司2025年A股股票期权激励计划（草案）,equity_incentive,true,FULL_DOCUMENT,1,1,ok,# 上海复星医药（集团）股份有限公司2025 年 A 股股票期权激励计划（草案）
1224561923,复星医药：海外监管公告 - 上海复星医药（集团）股份有限公司2025年A股股票期权激励计划（草案）,equity_incentive,true,FULL_DOCUMENT,1,1,ok,香港交易及結算所有限公司及香港聯合交易所有限公司對本公告的內容概不負責，對其準確
1223954372,日辰股份：青岛日辰食品股份有限公司2025年股票期权激励计划（草案）,equity_incentive,true,FULL_DOCUMENT,1,1,ok,# 青岛日辰食品股份有限公司  # 2025 年股票期权激励计划  # （草案）
1224462917,超图软件：2025年股票期权激励计划（草案）,equity_incentive,true,FULL_DOCUMENT,1,1,ok,# 北京超图软件股份有限公司  # 2025 年股票期权激励计划  # （草案）
1223888797,深圳新星：深圳市新星轻合金材料股份有限公司2025年股票期权激励计划(草案),equity_incentive,true,FULL_DOCUMENT,1,1,ok,# 深圳市新星轻合金材料股份有限公司  # 2025 年股票期权激励计划  # 
1224145530,奥尼电子：2025年股票期权激励计划（草案）,equity_incentive,true,FULL_DOCUMENT,1,1,ok,证券简称：奥尼电子  证券代码：301189  # 深圳奥尼电子股份有限公司  
1223697465,新国都：深圳市新国都股份有限公司2025年股票期权激励计划（草案）,equity_incentive,true,FULL_DOCUMENT,1,1,ok,证券代码：300130  证券简称：新国都  ![](images/45b08d
1223544845,诺德股份：诺德新材料股份有限公司2025年股票期权激励计划（草案）,equity_incentive,true,FULL_DOCUMENT,1,1,ok,# 诺德新材料股份有限公司  # 2025 年股票期权激励计划  # （草案） 
1223496663,歌尔股份：2025年股票期权激励计划（草案）,equity_incentive,true,FULL_DOCUMENT,1,1,ok,# 歌尔股份有限公司  # 2025年股票期权激励计划（草案）  二〇二五年五月
1223490568,君逸数码：2025年股票期权激励计划（草案）,equity_incentive,true,FULL_DOCUMENT,1,1,ok,# 四川君逸数码科技股份有限公司  # 2025年股票期权激励计划  # （草案
1223417952,菲沃泰：江苏菲沃泰纳米科技股份有限公司2025年股票期权激励计划（草案）,equity_incentive,true,FULL_DOCUMENT,1,1,ok,# 江苏菲沃泰纳米科技股份有限公司  # 2025 年股票期权激励计划  # （
1223410764,焦点科技：2025年股票期权激励计划（草案）,equity_incentive,true,FULL_DOCUMENT,1,1,ok,![](images/6bc43d11d609649401e31d4ff7d08
1223848536,罗普特：罗普特科技集团股份有限公司2025年股票期权激励计划（草案）,equity_incentive,true,FULL_DOCUMENT,1,1,ok,证券简称：罗普特  证券代码：688619  # 罗普特科技集团股份有限公司  
1223374233,圆通速递：圆通速递股份有限公司第三期股票期权激励计划（草案）,equity_incentive,true,FULL_DOCUMENT,1,1,ok,# 圆通速递股份有限公司  # 第三期股票期权激励计划  # （草案）  二〇二
1223380628,味知香：2025年股票期权激励计划（草案,equity_incentive,true,FULL_DOCUMENT,1,1,ok,# 苏州市味知香食品股份有限公司  # 2025年股票期权激励计划  # （草案
1223379358,老板电器：杭州老板电器股份有限公司2025年股票期权激励计划（草案）,equity_incentive,true,FULL_DOCUMENT,1,1,ok,# 杭州老板电器股份有限公司  # 2025 年股票期权激励计划  # （草案）
1223348592,立讯精密：2025年股票期权激励计划（草案),equity_incentive,true,FULL_DOCUMENT,1,1,ok,# 立讯精密工业股份有限公司  # 2025 年股票期权激励计划  # （草案）
1222925629,开普云：开普云信息科技股份有限公司2025年股票期权激励计划（草案）,equity_incentive,true,FULL_DOCUMENT,1,1,ok,# 开普云信息科技股份有限公司  # 2025 年股票期权激励计划  # （草案
1222895931,璞泰来：上海璞泰来新能源科技股份有限公司2025年股票期权激励计划（草案）,equity_incentive,true,FULL_DOCUMENT,1,1,ok,# 上海璞泰来新能源科技股份有限公司  # 2025 年股票期权激励计划  # 
1222881781,兆新股份：2025年限制性股票与股票期权激励计划（草案）,equity_incentive,true,FULL_DOCUMENT,1,1,ok,# 深圳市兆新能源股份有限公司  # 2025 年限制性股票与股票期权激励计划（
1222870272,沃尔核材：2025年股票期权激励计划（草案）,equity_incentive,true,FULL_DOCUMENT,1,1,ok,# 深圳市沃尔核材股份有限公司  # 2025年股票期权激励计划  # （草案）
1222870342,万东医疗：万东医疗2025年股票期权激励计划（草案）,equity_incentive,true,FULL_DOCUMENT,1,1,ok,# 北京万东医疗科技股份有限公司  # 2025年股票期权激励计划  （草案） 
1222869905,2025年股票期权激励计划（草案）,equity_incentive,true,FULL_DOCUMENT,1,1,ok,# 江苏远航精密合金科技股份有限公司  # 2025 年股票期权激励计划  （草
1222847348,瑞芯微：2025年股票期权激励计划（草案）,equity_incentive,true,FULL_DOCUMENT,1,1,ok,# 瑞芯微电子股份有限公司  # 2025 年股票期权激励计划（草案）  瑞芯微
1222806421,韦尔股份：2025年股票期权激励计划（草案）,equity_incentive,true,FULL_DOCUMENT,1,1,ok,# 上海韦尔半导体股份有限公司  # 2025 年股票期权激励计划  # （草案
1222675417,万里马：2025年股票期权激励计划（草案）,equity_incentive,true,FULL_DOCUMENT,1,1,ok,![](images/142504119f4ca67be2edffeae0416
1222431699,指南针：北京指南针科技发展股份有限公司2025年股票期权激励计划（草案）,equity_incentive,true,FULL_DOCUMENT,1,1,ok,# 北京指南针科技发展股份有限公司  # 2025 年股票期权激励计划  # （
1222419473,东方通：2025年股票期权激励计划（草案）,equity_incentive,true,FULL_DOCUMENT,1,1,ok,# 北京东方通科技股份有限公司  # 2025 年股票期权激励计划  # （草案
1222405943,永臻股份：永臻科技股份有限公司2025年股票期权激励计划（草案）,equity_incentive,true,FULL_DOCUMENT,1,1,ok,证券简称：永臻股份  证券代码：603381  # 永臻科技股份有限公司  # 
1222355473,步科股份：2025年股票期权激励计划（草案）,equity_incentive,true,FULL_DOCUMENT,1,1,ok,证券代码：688160  证券简称：步科股份  # 上海步科自动化股份有限公司2
1221941206,龙净环保：福建龙净环保股份有限公司2024年股票期权激励计划（草案）,equity_incentive,true,FULL_DOCUMENT,1,1,ok,# LONGKING  # 龙净环保  # 福建龙净环保股份有限公司  # 20
1221910338,未名医药：山东未名生物医药股份有限公司2024年股票期权激励计划（草案）,equity_incentive,true,FULL_DOCUMENT,1,1,ok,证券代码：002581  证券简称：未名医药  # 山东未名生物医药股份有限公司
1221866772,[临时公告]国子软件:2024年股票期权激励计划（草案）,equity_incentive,true,FULL_DOCUMENT,1,1,ok,证券代码：872953  证券简称：国子软件  公告编号：2024-078  #
1222581396,东土科技：北京东土科技股份有限公司2025年股票期权激励计划（草案）,equity_incentive,true,FULL_DOCUMENT,1,1,ok,股票简称：东土科技  股票代码：300353  ![](images/887e8
1221662898,罗莱生活：罗莱生活科技股份有限公司2024年限制性股票与股票期权激励计划（草案）,equity_incentive,true,FULL_DOCUMENT,1,1,ok,证券简称：罗莱生活  证券代码：002293  # 罗莱生活科技股份有限公司  
1221641997,拓邦股份：2024年股票期权激励计划（草案）,equity_incentive,true,FULL_DOCUMENT,1,1,ok,# TOPBAND 拓邦  # 深圳拓邦股份有限公司  # 2024 年股票期权
1222190255,凯盛科技：凯盛科技股份有限公司2024年股票期权激励计划（草案）,equity_incentive,true,FULL_DOCUMENT,1,1,ok,# 凯盛科技股份有限公司  # 2024 年股票期权激励计划  # （草案）  
1222156235,新洁能：2024年股票期权激励计划（草案）,equity_incentive,true,FULL_DOCUMENT,1,1,ok,# 无锡新洁能股份有限公司  # 2024 年股票期权激励计划  # （草案） 
1221356125,播恩集团：2024年股票期权激励计划（草案）,equity_incentive,true,FULL_DOCUMENT,1,1,ok,# 播恩集团股份有限公司  # 2024 年股票期权激励计划  # （草案）  
1221360641,[临时公告]朗鸿科技:2024年股票期权激励计划（草案）,equity_incentive,true,FULL_DOCUMENT,1,1,ok,证券简称：朗鸿科技  证券代码：836395  # 杭州朗鸿科技股份有限公司  
1221344222,国晟科技：2024年限制性股票与股票期权激励计划（草案）,equity_incentive,true,FULL_DOCUMENT,1,1,ok,# 国晟世安科技股份有限公司  # 2024 年限制性股票与股票期权激励计划  
1221316032,志特新材：江西志特新材料股份有限公司2024年股票期权激励计划（草案）,equity_incentive,true,FULL_DOCUMENT,1,1,ok,# 江西志特新材料股份有限公司  # 2024 年股票期权激励计划  # （草案
1221790913,华谊兄弟：2024年股票期权激励计划（草案）,equity_incentive,true,FULL_DOCUMENT,1,1,ok,# 华谊兄弟传媒股份有限公司  # 2024 年股票期权激励计划  # （草案）
1221052621,苏 泊 尔：浙江苏泊尔股份有限公司2024年股票期权激励计划（草案）,equity_incentive,true,FULL_DOCUMENT,1,1,ok,# 浙江苏泊尔股份有限公司  # 2024 年股票期权激励计划  # （草案） 
1220825584,剑桥科技：2024年股票期权激励计划（草案）,equity_incentive,true,FULL_DOCUMENT,1,1,ok,# CIG|剑橋科技  # 上海剑桥科技股份有限公司  # 2024 年股票期权
1221191937,普门科技：深圳普门科技股份有限公司2024年股票期权激励计划（草案）,equity_incentive,true,FULL_DOCUMENT,1,1,ok,# 深圳普门科技股份有限公司  # 2024 年股票期权激励计划  (草案）  
1221192060,大博医疗：大博医疗科技股份有限公司2024年股票期权激励计划（草案）,equity_incentive,true,FULL_DOCUMENT,1,1,ok,证券简称：大博医疗  证券代码：002901  # 大博医疗科技股份有限公司  
1221192080,有研硅：有研半导体硅材料股份公司2024年股票期权激励计划（草案）,equity_incentive,true,FULL_DOCUMENT,1,1,ok,# 有研半导体硅材料股份公司  # 2024 年股票期权激励计划  # （草案）
1220796380,山水比德：2024年股票期权激励计划（草案）,equity_incentive,true,FULL_DOCUMENT,1,1,ok,# 广州山水比德设计股份有限公司  # 2024 年股票期权激励计划  # （草
1220701561,引力传媒：引力传媒：2024年限制性股票与股票期权激励计划（草案）,equity_incentive,true,FULL_DOCUMENT,1,1,ok,![](images/292a34edaa3102a9ce108857c5037
1220690801,金河生物：金河生物科技股份有限公司2024年股票期权激励计划（草案）,equity_incentive,true,FULL_DOCUMENT,1,1,ok,证券简称：金河生物  证券代码：002688  # 金河生物科技股份有限公司  
1220648062,道森股份：2024年股票期权激励计划（草案）,equity_incentive,true,FULL_DOCUMENT,1,1,ok,# 江苏洪田科技股份有限公司  # 2024 年股票期权激励计划  # （草案）
1220628753,豪恩汽电：深圳市豪恩汽车电子装备股份有限公司2024年股票期权激励计划（草案）,equity_incentive,true,FULL_DOCUMENT,1,1,ok,证券简称：豪恩汽电  证券代码：301488  # 深圳市豪恩汽车电子装备股份有
1221034336,新巨丰：2024年限制性股票与股票期权激励计划（草案）,equity_incentive,true,FULL_DOCUMENT,1,1,ok,# 山东新巨丰科技包装股份有限公司  # 2024 年限制性股票与股票期权激励计
1220535598,安正时尚：安正时尚集团股份有限公司2024年第三期股票期权激励计划（草案）,equity_incentive,true,FULL_DOCUMENT,1,1,ok,# 安正时尚集团股份有限公司2024 年第三期股票期权激励计划（草案）  202
1220521701,富春股份：2024年股票期权激励计划（草案）,equity_incentive,true,FULL_DOCUMENT,1,1,ok,![](images/aae535bdd2a2ee7f82bbf6af9ae23
1220512975,天津普林：2024年股票期权激励计划（草案）,equity_incentive,true,FULL_DOCUMENT,1,1,ok,# 天津普林电路股份有限公司  # 2024 年股票期权激励计划  # （草案）
1220955321,沪电股份：2024年度股票期权激励计划（草案）,equity_incentive,true,FULL_DOCUMENT,1,1,ok,# 沪士电子股份有限公司  # 2024 年度股票期权激励计划  （草案）  !
1220872919,共达电声：共达电声股份有限公司2024年股票期权激励计划（草案）,equity_incentive,true,FULL_DOCUMENT,1,1,ok,# 共达电声股份有限公司  # 2024 年股票期权激励计划  # （草案）  
1220402476,领益智造：2024年股票期权激励计划（草案）,equity_incentive,true,FULL_DOCUMENT,1,1,ok,# 广东领益智造股份有限公司  # 2024年股票期权激励计划  （草案）  2
1220807216,理工能科：宁波理工环境能源科技股份有限公司2024年股票期权激励计划（草案）,equity_incentive,true,FULL_DOCUMENT,1,1,ok,# 宁波理工环境能源科技股份有限公司2024年股票期权激励计划（草案）  二〇二
1220806891,春风动力：春风动力2024年股票期权激励计划（草案）,equity_incentive,true,FULL_DOCUMENT,1,1,ok,证券简称：春风动力  证券代码：603129  ![](images/bbf6f
1220376685,海星股份：2024年股票期权激励计划（草案）,equity_incentive,true,FULL_DOCUMENT,1,1,ok,# 南通海星电子股份有限公司  # 2024 年股票期权激励计划  # （草案）
1220197318,曲美家居：曲美家居2024年股票期权激励计划（草案）,equity_incentive,true,FULL_DOCUMENT,1,1,ok,证券简称：曲美家居  证券代码：603818  # 曲美家居集团股份有限公司  
1220159905,小熊电器：2024年股票期权激励计划（草案）,equity_incentive,true,FULL_DOCUMENT,1,1,ok,证券简称：小熊电器  债券简称：小熊转债  证券代码：002959  债券代码：
1220087765,极米科技：2024年股票期权激励计划（草案）,equity_incentive,true,FULL_DOCUMENT,1,1,ok,# 极米科技股份有限公司  # 2024年股票期权激励计划  # （草案）  极
1220089787,天马科技：天马科技2024年股票期权激励计划（草案）,equity_incentive,true,FULL_DOCUMENT,1,1,ok,证券简称：天马科技  证券代码：603668  ![](images/aac62
1220061972,牧高笛：牧高笛户外用品股份有限公司2024年股票期权激励计划（草案）,equity_incentive,true,FULL_DOCUMENT,1,1,ok,# 牧高笛户外用品股份有限公司  # 2024年股票期权激励计划  # （草案）
1220378023,瑞玛精密：2024年股票期权激励计划（草案）,equity_incentive,true,FULL_DOCUMENT,1,1,ok,# Cheersson瑞玛  # 苏州瑞玛精密工业集团股份有限公司  # 202
1219918170,拉芳家化：第三期股票期权激励计划（草案）,equity_incentive,true,FULL_DOCUMENT,1,1,ok,![](images/3688d9e86d7744acfe1ec1241a24d
1219908494,三只松鼠：三只松鼠股份有限公司2024年股票期权激励计划（草案）,equity_incentive,true,FULL_DOCUMENT,1,1,ok,证券简称：三只松鼠  证券代码：300783  ![](images/5b3ba
1219879171,邦基科技：山东邦基科技股份有限公司2024年股票期权激励计划（草案）,equity_incentive,true,FULL_DOCUMENT,1,1,ok,# 山东邦基科技股份有限公司  # 2024 年股票期权激励计划  # （草案）
1219772786,锐明技术：2024年股票期权激励计划（草案）,equity_incentive,true,FULL_DOCUMENT,1,1,ok,# 深圳市锐明技术股份有限公司  # 2024 年股票期权激励计划（草案）  深
1219763922,日盈电子：2024年限制性股票与股票期权激励计划（草案）,equity_incentive,true,FULL_DOCUMENT,1,1,ok,# 江苏日盈电子股份有限公司  # 2024 年限制性股票与股票期权激励计划  
1219553244,中贝通信：2024年股票期权激励计划（草案）,equity_incentive,true,FULL_DOCUMENT,1,1,ok,证券简称：中贝通信  证券代码：603220  债券简称：中贝转债  债券代码：
1219537254,康冠科技：2024年股票期权激励计划（草案）,equity_incentive,true,FULL_DOCUMENT,1,1,ok,# 深圳市康冠科技股份有限公司  # 2024年股票期权激励计划  # （草案）
1219517956,华铁应急：浙江华铁应急设备科技股份有限公司2024年股票期权激励计划（草案）,equity_incentive,true,FULL_DOCUMENT,1,1,ok,证券简称：华铁应急  证券代码：603300  # 浙江华铁应急设备科技股份有限
1219985430,东鹏控股：2024年股票期权激励计划（草案）,equity_incentive,true,FULL_DOCUMENT,1,1,ok,# 广东东鹏控股股份有限公司  # Guangdong Dongpeng Hol
1219987034,国光连锁：江西国光商业连锁股份有限公司2024年股票期权激励计划（草案）,equity_incentive,true,FULL_DOCUMENT,1,1,ok,# 江西国光商业连锁股份有限公司  # 2024年股票期权激励计划  （草案） 
1219426067,万向钱潮：2024年股票期权激励计划（草案）,equity_incentive,true,FULL_DOCUMENT,1,1,ok,# 万向钱潮股份公司  # 2024 年股票期权激励计划  # （草案）  二〇
1219389670,中岩大地：2024年股票期权激励计划（草案）激励对象名单,equity_incentive,true,FULL_DOCUMENT,1,1,ok,# 北京中岩大地科技股份有限公司  ## 2024 年股票期权激励计划（草案）激
1219360929,唯特偶：2024年股票期权激励计划（草案）,equity_incentive,true,FULL_DOCUMENT,1,1,ok,证券简称：唯特偶  证券代码：301319  # 深圳市唯特偶新材料股份有限公司
1219329394,[临时公告]立方控股:2024年股票期权激励计划（草案）,equity_incentive,true,FULL_DOCUMENT,1,1,ok,# 杭州立方控股股份有限公司  # 2024 年股票期权激励计划  # （草案）
1219297801,信质集团：2024年股票期权激励计划（草案),equity_incentive,true,FULL_DOCUMENT,1,1,ok,# 信质集团股份有限公司  # 2024 年股票期权激励计划  # （草案）  
1219826058,鼎龙股份：2024年股票期权激励计划（草案）,equity_incentive,true,FULL_DOCUMENT,1,1,ok,# 湖北鼎龙控股股份有限公司  # 2024 年股票期权激励计划  # （草案）
1219839474,伟创电气：苏州伟创电气科技股份有限公司2024年股票期权激励计划（草案）,equity_incentive,true,FULL_DOCUMENT,1,1,ok,# VEICHI 伟创电气  # 苏州伟创电气科技股份有限公司  # 2024年
1219747689,亿联网络：2024年股票期权激励计划（草案）,equity_incentive,true,FULL_DOCUMENT,1,1,ok,# Yealink  # 厦门亿联网络技术股份有限公司  # 2024 年股票期
1219696536,兆易创新：兆易创新科技集团股份有限公司2024年股票期权激励计划（草案）,equity_incentive,true,FULL_DOCUMENT,1,1,ok,# 兆易创新科技集团股份有限公司  # 2024 年股票期权激励计划  # （草
1219706899,祖名股份：祖名股份2024年股票期权激励计划（草案）,equity_incentive,true,FULL_DOCUMENT,1,1,ok,证券简称：祖名股份  证券代码：003030  ![](images/fab8e
1219636231,蔚蓝锂芯：江苏蔚蓝锂芯股份有限公司2024年股票期权激励计划（草案）,equity_incentive,true,FULL_DOCUMENT,1,1,ok,# 江苏蔚蓝锂芯股份有限公司  # 2024 年股票期权激励计划  # （草案）
1219622393,宁水集团：宁波水表（集团）股份有限公司2024年股票期权激励计划（草案）,equity_incentive,true,FULL_DOCUMENT,1,1,ok,![](images/f3abdba9edf4064aaac62a0fff94a
1218859385,纳思达：2024年股票期权激励计划（草案）,equity_incentive,true,FULL_DOCUMENT,1,1,ok,# 纳思达股份有限公司  # 2024年股票期权激励计划（草案）  Ninest
1219465836,捷邦科技：捷邦精密科技股份有限公司2024年限制性股票与股票期权激励计划（草案）,equity_incentive,true,FULL_DOCUMENT,1,1,ok,# 捷邦精密科技股份有限公司  # 2024年限制性股票与股票期权激励计划（草案
1218743602,达嘉维康：湖南达嘉维康医药产业股份有限公司2023年限制性股票与股票期权激励计划（草案）,equity_incentive,true,FULL_DOCUMENT,1,1,ok,# 湖南达嘉维康医药产业股份有限公司2023年限制性股票与股票期权激励计划（草案
1218734321,振华重工：振华重工2023年股票期权激励计划（草案）,equity_incentive,true,FULL_DOCUMENT,1,1,ok,![](images/46e67b164bb4d9204f2ab3232b5eb
1218706667,斯瑞新材：陕西斯瑞新材料股份有限公司2023年股票期权激励计划（草案）,equity_incentive,true,FULL_DOCUMENT,1,1,ok,# 陕西斯瑞新材料股份有限公司  # 2023 年股票期权激励计划  （草案） 
1218674960,七一二：天津七一二通信广播股份有限公司2023年股票期权激励计划（草案）,equity_incentive,true,FULL_DOCUMENT,1,1,ok,# 天津七一二通信广播股份有限公司  # 2023 年股票期权激励计划  # （
1218548112,欣锐科技：2023年限制性股票与股票期权激励计划（草案）,equity_incentive,true,FULL_DOCUMENT,1,1,ok,# 深圳欣锐科技股份有限公司  # 2023 年限制性股票与股票期权激励计划（草
1218534994,美年健康：2023年股票期权激励计划（草案）,equity_incentive,true,FULL_DOCUMENT,1,1,ok,# 美年大健康产业控股股份有限公司  # 2023 年股票期权激励计划（草案） 
1219221448,光智科技：2024年股票期权激励计划（草案）,equity_incentive,true,FULL_DOCUMENT,1,1,ok,# 光智科技股份有限公司  # 2024 年股票期权激励计划  # （草案）  
1219199182,捷顺科技：2024年股票期权激励计划（草案）,equity_incentive,true,FULL_DOCUMENT,1,1,ok,证券简称：捷顺科技  证券代码：002609  # 深圳市捷顺科技实业股份有限公
1219198504,东软集团：东软集团2024年股票期权激励计划（草案）激励对象名单,equity_incentive,true,FULL_DOCUMENT,1,1,ok,## 东软集团股份有限公司  ## 2024 年股票期权激励计划（草案）激励对象
1219172862,珠海中富：2024年股票期权激励计划(草案),equity_incentive,true,FULL_DOCUMENT,1,1,ok,# 珠海中富实业股份有限公司  # 2024年股票期权激励计划（草案）  珠海中
1219110967,海大集团：2024年股票期权激励计划（草案）,equity_incentive,true,FULL_DOCUMENT,1,1,ok,# 广东海大集团股份有限公司2024 年股票期权激励计划（草案）  2024年2
1218308622,地铁设计：2023年限制性股票与股票期权激励计划（草案）,equity_incentive,true,FULL_DOCUMENT,1,1,ok,# 广州地铁设计研究院股份有限公司  # 2023 年限制性股票与股票期权激励计
1218169710,中远海能：中远海能2023年股票期权激励计划（草案）,equity_incentive,true,FULL_DOCUMENT,1,1,ok,# 中远海运能源运输股份有限公司  # 2023 年股票期权激励计划  （草案）
1218033365,奕瑞科技：奕瑞科技2023年限制性股票与股票期权激励计划（草案）,equity_incentive,true,FULL_DOCUMENT,1,1,ok,# 上海奕瑞光电子科技股份有限公司  # 2023 年限制性股票与股票期权激励计
1218004683,[临时公告]连城数控:第二期股票期权激励计划（草案）,equity_incentive,true,FULL_DOCUMENT,1,1,ok,# 大连连城数控机器股份有限公司  # 第二期股票期权激励计划  # （草案） 
1217995536,中国天楹：2023年股票期权激励计划（草案）,equity_incentive,true,FULL_DOCUMENT,1,1,ok,![](images/9bc6c7b0395247f72c03f53687245
1217971572,安井食品：安井食品2023年股票期权激励计划（草案）,equity_incentive,true,FULL_DOCUMENT,1,1,ok,证券简称：安井食品  证券代码：603345  # 安井食品集团股份有限公司  
1217971641,钧达股份：2023年第二期股票期权激励计划（草案),equity_incentive,true,FULL_DOCUMENT,1,1,ok,# 海南钧达新能源科技股份有限公司  # 2023 年第二期股票期权激励计划（草
1217971208,盈方微：2023年限制性股票与股票期权激励计划（草案）,equity_incentive,true,FULL_DOCUMENT,1,1,ok,# 盈方微电子股份有限公司  # 2023 年限制性股票与股票期权激励计划  #
1218332253,紫金矿业：紫金矿业集团股份有限公司2023年股票期权激励计划（草案）,equity_incentive,true,FULL_DOCUMENT,1,1,ok,![](images/cd6ceef38bf2c7ab7793b8c7d7add
1218332266,紫金矿业：2023年股票期权激励计划（草案）,equity_incentive,true,FULL_DOCUMENT,1,1,ok,香港交易及結算所有限公司及香港聯合交易所有限公司對本文件之內容概不負責，對其準確
1218247780,纵横通信：纵横通信2023年股票期权激励计划（草案）,equity_incentive,true,FULL_DOCUMENT,1,1,ok,证券简称：纵横通信  证券代码：603602  转债简称：纵横转债  转债代码：
1217835309,宏川智慧：2023年股票期权激励计划（草案）,equity_incentive,true,FULL_DOCUMENT,1,1,ok,证券简称：宏川智慧  证券代码：002930  债券简称：宏川转债  债券代码：
1218192399,[临时公告]创远信科:2023年股票期权激励计划（草案）,equity_incentive,true,FULL_DOCUMENT,1,1,ok,# 创远信科(上海)技术股份有限公司  # 2023 年股票期权激励计划  # 
1218110702,索菱股份：索菱股份2023年限制性股票与股票期权激励计划（草案）,equity_incentive,true,FULL_DOCUMENT,1,1,ok,![](images/1625459799b20e1cc493cd39a792a
1218077508,亿纬锂能：第五期股票期权激励计划（草案）,equity_incentive,true,FULL_DOCUMENT,1,1,ok,证券简称：亿纬锂能  证券代码：300014  # 惠州亿纬锂能股份有限公司  
1217983455,金雷股份：2023年股票期权激励计划（草案）,equity_incentive,true,FULL_DOCUMENT,1,1,ok,# 金雷科技股份公司  # 2023 年股票期权激励计划  # （草案）  金雷
1217970371,天融信：〝奋斗者〞第一期（2023年增补）股票期权激励计划（草案）,equity_incentive,true,FULL_DOCUMENT,1,1,ok,# 天融信科技集团股份有限公司  # “奋斗者”第一期（2023 年增补）股票期
1217907903,神通科技：2023年限制性股票与股票期权激励计划（草案）,equity_incentive,true,FULL_DOCUMENT,1,1,ok,# 神通科技集团股份有限公司  # 2023 年限制性股票与股票期权  # 激励
1217716758,游族网络：2023年股票期权激励计划（草案）,equity_incentive,true,FULL_DOCUMENT,1,1,ok,# 游族网络股份有限公司  # 2023 年股票期权激励计划（草案）  游族网络
1217719500,龙蟠科技：江苏龙蟠科技股份有限公司2023年股票期权激励计划（草案）,equity_incentive,true,FULL_DOCUMENT,1,1,ok,# 江苏龙蟠科技股份有限公司  # 2023 年股票期权激励计划  # （草案）
1217701258,保隆科技：保隆科技2023年限制性股票与股票期权激励计划（草案）,equity_incentive,true,FULL_DOCUMENT,1,1,ok,# 上海保隆汽车科技股份有限公司  # 2023 年限制性股票与股票期权激励计划
1217676143,环旭电子：环旭电子股份有限公司2023年股票期权激励计划（草案）,equity_incentive,true,FULL_DOCUMENT,1,1,ok,# 环旭电子股份有限公司  # 2023 年股票期权激励计划  # （草案）  
1217238474,移远通信：2023年股票期权激励计划（草案）,equity_incentive,true,FULL_DOCUMENT,1,1,ok,证券简称：移远通信  证券代码：603236  ![](images/002c0
1217185589,煌上煌：2023年股票期权激励计划（草案）,equity_incentive,true,FULL_DOCUMENT,1,1,ok,# 江西煌上煌集团食品股份有限公司  # 2023年股票期权激励计划  （草案）
1217183595,先惠技术：上海先惠自动化技术股份有限公司2023年股票期权激励计划（草案）,equity_incentive,true,FULL_DOCUMENT,1,1,ok,证券简称：先惠技术  证券代码：688155  # 上海先惠自动化技术股份有限公
1217576579,海利生物：海利生物2023年限制性股票与股票期权激励计划（草案）,equity_incentive,true,FULL_DOCUMENT,1,1,ok,# 上海海利生物技术股份有限公司2023年限制性股票与股票期权激励计划（草案） 
1217133288,岱勒新材：2023年股票期权激励计划（草案）,equity_incentive,true,FULL_DOCUMENT,1,1,ok,证券简称：岱勒新材  证券代码：300700  # DIALINE岱勒新材  #
1217500803,胜利精密：2023年股票期权激励计划（草案）（更新后）（更新前）,equity_incentive,true,FULL_DOCUMENT,1,1,ok,# 苏州胜利精密制造科技股份有限公司  # 2023 年股票期权激励计划  # 
1217479928,飞鹿股份：株洲飞鹿高新材料技术股份有限公司2023年股票期权激励计划（草案）,equity_incentive,true,FULL_DOCUMENT,1,1,ok,证券简称：飞鹿股份  证券代码：300665  债券简称：飞鹿转债  债券代码：
1217471926,闻泰科技：2023年股票期权激励计划（草案）,equity_incentive,true,FULL_DOCUMENT,1,1,ok,证券简称：闻泰科技  证券代码：600745  转债简称：闻泰转债  转债代码：
1217468349,禾信仪器：2023年限制性股票与股票期权激励计划（草案）,equity_incentive,true,FULL_DOCUMENT,1,1,ok,# 广州禾信仪器股份有限公司  # 2023 年限制性股票与股票期权  # 激励
1217469430,奥拓电子：2023年股票期权激励计划(草案),equity_incentive,true,FULL_DOCUMENT,1,1,ok,# 深圳市奥拓电子股份有限公司  # 2023年股票期权激励计划  # （草案）
1217469409,奇安信：奇安信科技集团股份有限公司2023年股票期权激励计划（草案）,equity_incentive,true,FULL_DOCUMENT,1,1,ok,证券简称：奇安信  证券代码：688561  # 奇安信科技集团股份有限公司  
1217013816,家家悦：家家悦集团股份有限公司2023年股票期权激励计划（第一期）（草案）,equity_incentive,true,FULL_DOCUMENT,1,1,ok,# 家家悦集团股份有限公司  # 2023 年股票期权激励计划（第一期）  # 
1216978740,华体科技：四川华体照明科技股份有限公司2023年股票期权激励计划（草案）,equity_incentive,true,FULL_DOCUMENT,1,1,ok,# 四川华体照明科技股份有限公司  # 2023 年股票期权激励计划  # （草
1216958709,法本信息：法本信息2023年限制性股票与股票期权激励计划（草案）,equity_incentive,true,FULL_DOCUMENT,1,1,ok,# Farben  # 深圳市法本信息技术股份有限公司  # 2023 年限制性
1217275133,韵达股份：2023年股票期权激励计划（草案）,equity_incentive,true,FULL_DOCUMENT,1,1,ok,# 韵达控股股份有限公司  # 2023年股票期权激励计划  # （草案）  二
1217265528,高能环境：高能环境2023年限制性股票与股票期权激励计划（草案）,equity_incentive,true,FULL_DOCUMENT,1,1,ok,证券简称：高能环境  证券代码：603588  ![](images/90b70
1216876805,粤海饲料：2023年股票期权激励计划(草案),equity_incentive,true,FULL_DOCUMENT,1,1,ok,# 广东粤海饲料集团股份有限公司  # 2023 年股票期权激励计划  # （草
1216875964,三孚新科：三孚新科：2023年股票期权激励计划（草案）,equity_incentive,true,FULL_DOCUMENT,1,1,ok,证券简称：三孚新科  证券代码：688359  # 广州三孚新材料科技股份有限公
1216869668,苏州科达：苏州科达2023年限制性股票与股票期权激励计划（草案）,equity_incentive,true,FULL_DOCUMENT,1,1,ok,证券简称：苏州科达  证券代码：603660  转债简称：科达转债  转债代码：
1216854623,瑞茂通：瑞茂通供应链管理股份有限公司2023年股票期权激励计划（草案）,equity_incentive,true,FULL_DOCUMENT,1,1,ok,![](images/7740f96187d74936d125d420d32be
1216701190,思源电气：2023年股票期权激励计划（草案）,equity_incentive,true,FULL_DOCUMENT,1,1,ok,# 思源电气股份有限公司  # 2023 年股票期权激励计划  # （草案）  
1216657867,柳    工：广西柳工机械股份有限公司2023年股票期权激励计划（草案）,equity_incentive,true,FULL_DOCUMENT,1,1,ok,# 广西柳工机械股份有限公司  # 2023 年股票期权激励计划  （草案）  
1216667786,歌力思：2023年股票期权激励计划（草案）,equity_incentive,true,FULL_DOCUMENT,1,1,ok,# 深圳歌力思服饰股份有限公司  # 2023 年股票期权激励计划  # （草案
1217056112,爱旭股份：2023年限制性股票与股票期权激励计划（草案）,equity_incentive,true,FULL_DOCUMENT,1,1,ok,![](images/3ae389c3e0811b8bf2a8f2b63a97a
1216557087,直真科技：北京直真科技股份有限公司2023年股票期权激励计划（草案）,equity_incentive,true,FULL_DOCUMENT,1,1,ok,证券简称：直真科技  证券代码：003007  ![](images/831f4
1216441792,香飘飘：香飘飘2023年股票期权激励计划（草案）,equity_incentive,true,FULL_DOCUMENT,1,1,ok,# 香飘飘食品股份有限公司  # 2023 年股票期权激励计划  # （草案） 
1216380818,遥望科技：遥望科技2023年股票期权激励计划（草案）,equity_incentive,true,FULL_DOCUMENT,1,1,ok,证券简称：遥望科技  证券代码：002291  # 佛山遥望科技股份有限公司  
1216822018,绿盟科技：2023年限制性股票与股票期权激励计划（草案）,equity_incentive,true,FULL_DOCUMENT,1,1,ok,# 绿盟科技集团股份有限公司  # 2023 年限制性股票与股票期权激励计划  
1216809098,[临时公告]华岭股份:上海华岭集成电路技术股份有限公司2023年股票期权激励计划（草案）,equity_incentive,true,FULL_DOCUMENT,1,1,ok,# 上海华岭集成电路技术股份有限公司  # 2023 年股票期权激励计划  # 
1216167983,悦心健康：2023年股票期权激励计划（草案）,equity_incentive,true,FULL_DOCUMENT,1,1,ok,证券简称：悦心健康  证券代码：002162  ![](images/f2ef5
1216168385,爱玛科技：爱玛科技集团股份有限公司2023年股票期权激励计划（草案),equity_incentive,true,FULL_DOCUMENT,1,1,ok,证券简称：爱玛科技  证券代码：603529  # 爱玛科技集团股份有限公司  
1216115804,[临时公告]同力股份:2023年股票期权激励计划（草案）,equity_incentive,true,FULL_DOCUMENT,1,1,ok,# 陕西同力重工股份有限公司  # 2023 年股票期权激励计划  # （草案）
1216666794,淳中科技：北京淳中科技股份有限公司2023年股票期权激励计划（草案）,equity_incentive,true,FULL_DOCUMENT,1,1,ok,证券简称：淳中科技  证券代码：603516  债券简称：淳中转债  债券代码：
1216561147,兴业科技：2023年股票期权激励计划（草案）,equity_incentive,true,FULL_DOCUMENT,1,1,ok,# 兴业皮革科技股份有限公司  # 2023 年股票期权激励计划  # （草案）
1216381400,振江股份：江苏振江新能源装备股份有限公司第三期股票期权激励计划（草案）,equity_incentive,true,FULL_DOCUMENT,1,1,ok,# 江苏振江新能源装备股份有限公司  # 第三期股票期权激励计划  （草案）  
1215457366,因赛集团：2022年股票期权激励计划（草案）,equity_incentive,true,FULL_DOCUMENT,1,1,ok,# 广东因赛品牌营销集团股份有限公司  # 2022 年股票期权激励计划  （草
1216301238,禾望电气：深圳市禾望电气股份有限公司2023年股票期权激励计划（草案）,equity_incentive,true,FULL_DOCUMENT,1,1,ok,# 深圳市禾望电气股份有限公司  # 2023 年股票期权激励计划  # （草案
1216274414,神州信息：2023年股票期权激励计划（草案）,equity_incentive,true,FULL_DOCUMENT,1,1,ok,证券简称：神州信息  证券代码：000555  # 神州数码信息服务股份有限公司
1216281403,*ST同洲：2023年股票期权激励计划（草案）,equity_incentive,true,FULL_DOCUMENT,1,1,ok,# 深圳市同洲电子股份有限公司  # 2023 年股票期权激励计划  # （草案
1216271792,济民医疗：济民健康管理股份有限公司2023年股票期权激励计划（草案）,equity_incentive,true,FULL_DOCUMENT,1,1,ok,# 济民健康管理股份有限公司  # 2023 年股票期权激励计划  # （草案）
1216277571,铂科新材：2023年限制性股票与股票期权激励计划（草案）,equity_incentive,true,FULL_DOCUMENT,1,1,ok,# 深圳市铂科新材料股份有限公司  # 2023 年限制性股票与股票期权激励计划
1215650729,欧菲光：2023年第一期股票期权激励计划（草案）,equity_incentive,true,FULL_DOCUMENT,1,1,ok,证券代码：002456  证券简称：欧菲光  # 欧菲光集团股份有限公司2023
1214945342,长园集团：第四期限制性股票与股票期权激励计划（草案）,equity_incentive,true,FULL_DOCUMENT,1,1,ok,# 长园科技集团股份有限公司  # 第四期限制性股票与股票期权激励计划  # C
1214826802,元隆雅图：北京元隆雅图文化传播股份有限公司2022年股票期权激励计划（草案）,equity_incentive,true,FULL_DOCUMENT,1,1,ok,# 北京元隆雅图文化传播股份有限公司  # 2022 年股票期权激励计划  # 
1214825162,神雾节能：神雾节能2022年股票期权激励计划（草案）,equity_incentive,true,FULL_DOCUMENT,1,1,ok,证券简称：神雾节能  证券代码：000820  ![](images/51e57
